# -*- coding: utf-8 -*-

# Resource object code
#
# Created by: The Resource Compiler for PyQt5 (Qt v5.15.13)
#
# WARNING! All changes made in this file will be lost!

from PyQt5 import QtCore

qt_resource_data = b"\
\x00\x00\x68\x8c\
\x89\
\x50\x4e\x47\x0d\x0a\x1a\x0a\x00\x00\x00\x0d\x49\x48\x44\x52\x00\
\x00\x02\xd0\x00\x00\x02\xd0\x08\x02\x00\x00\x00\x36\x35\xd0\xcb\
\x00\x00\x00\x01\x73\x52\x47\x42\x00\xae\xce\x1c\xe9\x00\x00\x00\
\x04\x67\x41\x4d\x41\x00\x00\xb1\x8f\x0b\xfc\x61\x05\x00\x00\x00\
\x09\x70\x48\x59\x73\x00\x00\x0e\xc3\x00\x00\x0e\xc3\x01\xc7\x6f\
\xa8\x64\x00\x00\x68\x21\x49\x44\x41\x54\x78\x5e\xed\xdd\x7f\x74\
\x5b\xf7\x7d\xdf\xff\x8f\x2c\x27\x81\x77\xb2\xf8\xaa\x76\x63\xe8\
\x9b\xb3\xe8\xd2\x5e\x6b\xa8\xcd\x26\xd0\x69\x6a\xa8\x71\x2b\x50\
\xdb\x99\xa9\xa5\x1d\x41\x9f\x2c\xa6\xb2\x2c\x22\xd5\xb4\x81\xda\
\xca\x02\xdd\xa5\xa2\xd6\xd6\x90\x92\x65\x94\xdb\x55\xa0\xdb\x9e\
\x52\x6d\x32\x91\x6e\xb2\x52\x3e\x39\x35\xa0\xb3\xd3\x92\x6e\x12\
\x03\xea\x96\x91\x5d\x13\x03\x4a\xb2\x92\x6e\x32\x03\xea\xbc\x10\
\x6a\x1d\x11\x4e\xd2\x11\xb1\x65\xe1\xfb\xc7\xb5\x68\xea\xcd\x0b\
\xf0\x02\xc4\x05\x3e\x17\x78\x3e\x0e\x8e\x8e\xf4\xbe\x00\x08\x50\
\x24\xef\x8b\xef\xcf\x8f\xbb\xad\x52\xa9\x28\x00\x00\x00\x37\xdd\
\x22\x0b\x00\x00\x00\xcd\x46\xe0\x00\x00\x00\xae\x23\x70\x00\x00\
\x00\xd7\x11\x38\x00\x00\x80\xeb\x08\x1c\x00\x00\xc0\x75\x04\x0e\
\x00\x00\xe0\x3a\x02\x07\x00\x00\x70\x1d\x81\x03\x00\x00\xb8\x8e\
\xc0\x01\x00\x00\x5c\x47\xe0\x00\x00\x00\xae\x23\x70\x00\x00\x00\
\xd7\x11\x38\x00\x00\x80\xeb\x08\x1c\x00\x00\xc0\x75\x04\x0e\x00\
\x00\xe0\x3a\x02\x07\x00\x00\x70\x1d\x81\x03\x00\x00\xb8\x8e\xc0\
\x01\x00\x00\x5c\x47\xe0\x00\x00\x00\xae\x23\x70\x00\x00\x00\xd7\
\x11\x38\x00\x00\x80\xeb\x08\x1c\x00\x00\xc0\x75\x04\x0e\x00\x00\
\xe0\x3a\x02\x07\x00\x00\x70\xdd\xb6\x4a\xa5\x22\x6b\x9e\x52\x2e\
\x97\x8b\xc5\x62\xb1\x58\x7c\xe9\xa5\x97\x5e\x7a\xe9\xa5\x17\x5f\
\x7c\xf1\xb5\xd7\x5e\x93\x77\x02\x00\xc0\xb3\xde\xf9\xce\x77\xee\
\xd8\xb1\xe3\xce\x3b\xef\x7c\xc7\x3b\xde\xf1\x83\x3f\xf8\x83\x6f\
\x7d\xeb\x5b\xe5\x3d\xbc\xc0\x93\x81\xe3\xc5\x17\x5f\x5c\xb8\xe1\
\x2f\xfe\xe2\x2f\xae\x5d\xbb\x26\xef\x01\x00\x40\x87\xfa\xb1\x1f\
\xfb\xb1\x50\x28\x74\xff\xfd\xf7\x87\x42\xa1\x7b\xee\xb9\x67\xdb\
\xb6\x6d\xf2\x1e\x5a\xf2\x52\xe0\xf8\xde\xf7\xbe\xf7\xd9\xcf\x7e\
\xf6\xc2\x85\x0b\x99\x4c\xa6\x5c\x2e\xcb\xc3\x00\x00\x74\x93\x5b\
\x6f\xbd\xf5\xbd\xef\x7d\xef\xfb\xde\xf7\xbe\x43\x87\x0e\xbd\xfd\
\xed\x6f\x97\x87\x35\xe3\x8d\xc0\xf1\xdc\x73\xcf\x25\x93\xc9\x54\
\x2a\xf5\xf5\xaf\x7f\x5d\x1e\x03\x00\xa0\xbb\xf5\xf4\xf4\x0c\x0c\
\x0c\x0c\x0e\x0e\xfe\xe4\x4f\xfe\xa4\xbe\x0d\x8f\x8a\xde\xd2\xe9\
\xf4\x23\x8f\x3c\xf2\xce\x77\xbe\x53\xbe\x6e\x00\x00\xb0\xce\x9d\
\x77\xde\x79\xf8\xf0\xe1\xff\xfa\x5f\xff\xeb\xf5\xeb\xd7\xe5\xd9\
\x54\x03\xfa\x06\x8e\x6f\x7c\xe3\x1b\x1f\xfb\xd8\xc7\x0c\xc3\x90\
\x9f\x51\x00\x00\x50\xc5\xf6\xed\xdb\x3f\xfa\xd1\x8f\x7e\xf9\xcb\
\x5f\xd6\x2d\x76\x68\x1a\x38\xfe\xe8\x8f\xfe\xa8\xaf\xaf\x4f\x7e\
\x16\x01\x00\x80\x03\xef\x7e\xf7\xbb\x27\x27\x27\x5f\x7b\xed\x35\
\x79\x7e\x6d\x1f\xed\x02\xc7\xe2\xe2\xe2\xe8\xe8\xa8\x47\xd7\xfc\
\x00\x00\xa0\x8f\x9f\xfd\xd9\x9f\x5d\x58\x58\xd0\xa4\xd5\xa1\x57\
\xe0\xf8\x6f\xff\xed\xbf\x99\xa6\x29\x3f\x61\x00\x00\xa0\x21\x77\
\xde\x79\x67\x2a\x95\xd2\xa1\xd5\xa1\x51\xe0\x98\x9c\x9c\xbc\xfb\
\xee\xbb\xe5\xa7\x0a\x00\x00\x6c\xc1\x1d\x77\xdc\x31\x3e\x3e\xde\
\xf6\xcc\xa1\x45\xe0\x78\xe5\x95\x57\xfe\xc3\x7f\xf8\x0f\xb7\xdf\
\x7e\xbb\xfc\x24\x01\x00\x80\x66\xf8\x77\xff\xee\xdf\xfd\xed\xdf\
\xfe\xad\x3c\x01\xb7\x50\xfb\x03\xc7\xf2\xf2\xf2\xe8\xe8\xa8\xfc\
\xc4\x00\x00\x80\xa6\x1a\x19\x19\xf9\xab\xbf\xfa\xab\x76\x4d\xe9\
\x68\x73\xe0\xf8\xee\x77\xbf\xfb\xcf\xff\xf9\x3f\x97\x9f\x12\x00\
\x00\xe0\x82\x3d\x7b\xf6\xfc\x9f\xff\xf3\x7f\xe4\xc9\xb8\x25\xda\
\x19\x38\xbe\xf5\xad\x6f\x0d\x0f\x0f\xcb\x4f\x06\x00\x00\x70\xcd\
\xbf\xfa\x57\xff\xea\x6b\x5f\xfb\x5a\xeb\xfb\x1c\x6d\x0b\x1c\xdf\
\xfd\xee\x77\x8f\x1e\x3d\x2a\x3f\x0d\x00\x00\xc0\x65\xff\xe6\xdf\
\xfc\x9b\x42\xa1\xd0\xe2\xcc\xd1\xb6\xc0\xf1\xab\xbf\xfa\xab\xf2\
\x13\x00\x00\x00\x5a\x22\x1a\x8d\x7e\xfb\xdb\xdf\x96\xe7\x66\x37\
\xb5\x27\x70\x9c\x3e\x7d\xfa\x96\x5b\x6e\x91\xef\x1e\x00\x00\xb4\
\xca\xc7\x3e\xf6\xb1\x57\x5e\x79\x45\x9e\xa1\x5d\xd3\x86\xc0\xf1\
\xb9\xcf\x7d\x4e\xbe\x69\x00\x00\xd0\x72\xa7\x4f\x9f\x6e\xd9\xfe\
\x1c\xad\x0e\x1c\x7f\xf2\x27\x7f\xc2\xee\x5e\x00\x00\xe8\x60\xc7\
\x8e\x1d\xd3\xd3\xd3\xad\xc9\x1c\x2d\x0d\x1c\xdf\xf8\xc6\x37\xfa\
\xfb\xfb\xe5\xdb\x05\x00\x00\x6d\xf2\x9e\xf7\xbc\xe7\x7f\xfc\x8f\
\xff\xd1\x82\x09\xa4\x2d\x0d\x1c\x8f\x3c\xf2\x88\x7c\xa3\x00\x00\
\xa0\xad\x3e\xf8\xc1\x0f\xfe\xdd\xdf\xfd\x9d\x3c\x67\x37\x5b\xeb\
\x02\xc7\xef\xfe\xee\xef\x6e\xdb\xb6\x4d\xbe\x4b\x00\x00\xd0\x6e\
\xf1\x78\xfc\xda\xb5\x6b\xf2\xcc\xdd\x54\x2d\x0a\x1c\x7f\xf6\x67\
\x7f\x76\xef\xbd\xf7\xca\xf7\x07\x00\x00\x34\xf0\x83\x3f\xf8\x83\
\x9f\xfd\xec\x67\x5d\x9d\xcc\xd1\x8a\xc0\xf1\xea\xab\xaf\x06\x83\
\x41\xf9\xe6\x00\x00\x80\x36\xde\xf1\x8e\x77\xb8\x3a\xb0\xd2\x8a\
\xc0\xf1\x89\x4f\x7c\x42\xbe\x2d\x00\x00\xa0\x99\x47\x1e\x79\xc4\
\xbd\x81\x15\xd7\x03\x47\x26\x93\x61\x1d\x2c\x00\x00\xfa\xbb\xfd\
\xf6\xdb\x9f\x7a\xea\x29\x97\x06\x56\xdc\x0d\x1c\xaf\xbd\xf6\xda\
\xa1\x43\x87\xe4\x1b\x02\x00\x00\x5a\x3a\x70\xe0\xc0\xb7\xbe\xf5\
\x2d\x79\x3a\x6f\x06\x77\x03\xc7\xa7\x3f\xfd\x69\xf9\x56\x00\x00\
\x80\xc6\x3e\xf9\xc9\x4f\xba\x31\xb0\xb2\xad\x52\xa9\xc8\x0f\xd5\
\x24\xcf\x3f\xff\xfc\xcf\xfe\xec\xcf\x7e\xe9\x4b\x5f\x92\x07\x5c\
\x66\x18\x86\xf5\xe7\xc6\xbf\xac\xfd\x69\x35\x8e\x44\x51\xdc\x61\
\xed\x2f\x6b\x36\x56\xaa\x15\x6d\x95\x4a\x25\x59\xb2\x2b\x96\x4a\
\xa5\xb5\xa2\xf5\x97\xf5\x7f\x2a\xa5\x5e\x7e\xf9\xe5\xf5\x77\x10\
\x7f\x5f\x5f\x01\x00\xa0\x5e\x3f\xfc\xc3\x3f\xfc\xe9\x4f\x7f\xfa\
\x81\x07\x1e\x68\xee\x66\x16\x2e\x06\x8e\xb1\xb1\xb1\xc7\x1f\x7f\
\x5c\x56\xeb\x64\xc5\x05\xc3\x30\x4c\xd3\x5c\x8b\x0e\xbb\x76\xed\
\x5a\x7f\x68\xe3\xdf\xe5\xb3\x74\xa5\xf5\xf9\x63\x2d\xb2\xac\xfd\
\xfd\xf2\xe5\xcb\x4a\xa9\x42\xa1\xb0\x56\xb7\xfe\x0e\x00\xc0\xe1\
\xc3\x87\xff\xe0\x0f\xfe\x60\xfb\xf6\xed\xf2\xc0\x16\xb8\x15\x38\
\xbe\xf9\xcd\x6f\xee\xde\xbd\xfb\xda\xb5\x6b\xf2\xc0\x0d\x6b\x11\
\x61\x2d\x49\x58\x31\x62\xed\x9f\xa6\x69\x92\x1e\x5a\xaf\x50\x28\
\x14\x0a\x85\x37\x72\x4a\xa9\x74\xf9\xf2\xe5\xb5\x44\x62\xfd\x45\
\x3e\x06\x00\xd0\x71\x3e\xff\xf9\xcf\xff\xb3\x7f\xf6\xcf\x9a\xd8\
\xe4\x70\x2b\x70\xfc\xc2\x2f\xfc\xc2\xcc\xcc\x8c\x69\x9a\xeb\xf3\
\x84\xf5\xcf\xb5\x54\x21\x1f\x03\x8f\xb0\x62\x47\x2e\x97\xb3\xfe\
\x5e\x28\x14\x2e\x5f\xbe\x6c\x25\x15\xda\x24\x00\xd0\x19\x1e\x7a\
\xe8\xa1\x99\x99\x99\x37\xbf\xf9\xcd\xf2\x40\xa3\x5c\x09\x1c\xdf\
\xfb\xde\xf7\x56\x56\x56\xfe\xd1\x3f\xfa\x47\xf2\x00\xba\x80\x15\
\x41\xac\x76\x08\x59\x04\x00\xbc\xeb\xb3\x9f\xfd\xec\xc1\x83\x07\
\x6f\xb9\xe5\x16\x79\xa0\x21\xae\x04\x0e\xc0\xd6\x5a\x10\xb1\xb2\
\xc8\xa5\x4b\x97\x0a\x85\x82\xd5\x29\x01\x00\xe8\x66\x70\x70\x70\
\x66\x66\xe6\x2d\x6f\x79\x8b\x3c\xd0\x10\x02\x07\xda\xcf\x8a\x1d\
\x56\x3b\xc4\xfa\x0b\xed\x10\x00\xd0\xc1\x67\x3e\xf3\x99\x0f\x7e\
\xf0\x83\x4d\x69\x72\x10\x38\xa0\xa9\x4c\x26\x63\xcd\x14\xb1\x06\
\x65\x32\x99\x8c\xbc\x07\x00\xc0\x65\x03\x03\x03\xe7\xcf\x9f\xf7\
\xf9\x7c\xf2\x40\xfd\x08\x1c\xf0\x0c\xab\x11\x52\x2a\x95\x2e\x5d\
\xba\x94\xcb\xe5\x88\x20\x00\xd0\x02\x4f\x3e\xf9\xe4\x87\x3e\xf4\
\xa1\xad\x37\x39\x08\x1c\xf0\xb0\x5c\x2e\x97\xcb\xe5\xc8\x1f\x00\
\xe0\x9e\x7d\xfb\xf6\x7d\xe1\x0b\x5f\xb8\xf5\xd6\x5b\xe5\x81\x3a\
\x11\x38\xd0\x39\xac\x91\x97\x42\xa1\x70\xf1\xe2\x45\xf2\x07\x00\
\x34\xc5\x9b\xde\xf4\xa6\x54\x2a\xd5\xdf\xdf\xbf\xc5\x26\x07\x81\
\x03\x1d\x8b\xfc\x01\x00\x4d\xf1\x4b\xbf\xf4\x4b\x13\x13\x13\x5b\
\xdc\x78\x94\xc0\x81\x6e\x91\xc9\x64\x72\xb9\xdc\xc5\x8b\x17\x53\
\xa9\x94\x3c\x06\x00\xa8\xee\xee\xbb\xef\xbe\x70\xe1\xc2\x8f\xfe\
\xe8\x8f\x6e\x65\xe3\x51\x02\x07\xba\x11\xe1\x03\x00\xea\xf2\xf8\
\xe3\x8f\xff\xf2\x2f\xff\xf2\x56\x9a\x1c\x04\x0e\x74\x3b\x2b\x7c\
\x5c\xb8\x70\x81\x61\x17\x00\xa8\x26\x1c\x0e\x5f\xb8\x70\xe1\x6d\
\x6f\x7b\x9b\x3c\xe0\x18\x81\x03\x78\x03\xe1\x03\x00\xaa\xf9\xa3\
\x3f\xfa\xa3\x87\x1f\x7e\xb8\xe1\xa9\xa3\x04\x0e\xc0\x5e\x2a\x95\
\x2a\x14\x0a\x84\x0f\x00\xb0\x7c\xf8\xc3\x1f\x3e\x77\xee\x5c\xc3\
\xa3\x2a\x04\x0e\x60\x13\xa5\x52\x69\x7a\x7a\x9a\xe4\x01\xa0\xcb\
\xdd\x7a\xeb\xad\x7f\xf3\x37\x7f\xb3\x73\xe7\x4e\x79\xc0\x99\x06\
\x1b\x23\x40\xf7\x30\x0c\x23\x16\x8b\xa5\xd3\xe9\x4a\xa5\x92\x48\
\x24\xc2\xe1\xb0\xbc\x07\x00\x74\x81\x6b\xd7\xae\x3d\xf5\xd4\x53\
\xd7\xaf\x5f\x97\x07\x9c\x21\x70\x00\x75\x58\x4b\x1e\xc9\x64\x72\
\x78\x78\x58\x1e\x06\x80\x8e\x76\xf1\xe2\xc5\x86\x03\x07\x43\x2a\
\xc0\x96\xa4\x52\xa9\x0b\x17\x2e\x4c\x4f\x4f\xcb\x03\x00\xd0\x71\
\x76\xec\xd8\xf1\xf9\xcf\x7f\xfe\xbe\xfb\xee\x6b\x60\x43\x0e\x3a\
\x1c\xc0\x96\x44\x22\x91\xa9\xa9\x29\xab\xe7\x11\x8b\xc5\x0c\xc3\
\x90\xf7\x00\x80\x4e\xb1\xb2\xb2\x92\xc9\x64\x1a\x6b\x55\xd0\xe1\
\x00\x9a\x8c\x9e\x07\x80\x0e\xf6\x33\x3f\xf3\x33\x4f\x3f\xfd\x74\
\x03\xd7\x72\x23\x70\x00\xae\x28\x14\x0a\xa9\x54\xea\x89\x27\x9e\
\x28\x14\x0a\xf2\x18\x00\x78\xd6\xdb\xde\xf6\xb6\xcf\x7f\xfe\xf3\
\xef\x79\xcf\x7b\xea\x1d\x55\x61\x48\x05\x70\x85\x69\x9a\xb1\x58\
\x2c\x9f\xcf\x33\xbd\x14\x40\x27\xf9\xce\x77\xbe\x93\xc9\x64\x1a\
\x98\x3a\x4a\x87\x03\x68\x91\x89\x89\x09\x1a\x1e\x00\x3a\xc0\x7b\
\xdf\xfb\xde\x4c\x26\x53\xef\xa8\x0a\x81\x03\x68\xa9\x4c\x26\xf3\
\xe4\x93\x4f\x32\xc3\x03\x80\x77\xdd\x79\xe7\x9d\x5f\xfa\xd2\x97\
\x7e\xe8\x87\x7e\xa8\xae\x51\x15\x02\x07\x5a\xaa\x58\x2c\x2e\x2d\
\x2d\x29\xa5\x16\x16\x16\xca\xe5\xf2\x95\x2b\x57\xac\x7f\x5a\x4c\
\xd3\xdc\xb5\x6b\x97\x75\x95\x20\xeb\x9f\xa6\x69\xde\xf4\xf8\x0e\
\x32\x31\x31\xc1\xee\xa5\x00\x3c\xea\x33\x9f\xf9\xcc\x07\x3f\xf8\
\xc1\xfa\xae\xab\x52\x01\xdc\x97\xcf\xe7\x13\x89\x44\x28\x14\x92\
\x5f\x7f\x9b\x09\x04\x02\x63\x63\x63\xd9\x6c\x56\x3e\x63\xa7\x48\
\xa7\xd3\xcc\xf0\x00\xe0\x39\xc7\x8e\x1d\xbb\x76\xed\x9a\xfc\x89\
\x56\x13\x1d\x0e\xb8\x28\x97\xcb\xa5\x52\xa9\xa7\x9e\x7a\x6a\x7d\
\x1b\xa3\x31\xa6\x69\xf6\xf7\xf7\x3f\xfc\xf0\xc3\x1d\xb9\xb3\x78\
\x2e\x97\x7b\xe2\x89\x27\x18\x67\x01\xe0\x15\x3f\xf1\x13\x3f\x71\
\xf1\xe2\xc5\xfa\xa6\x71\xc8\x04\x02\x34\xc3\xec\xec\x6c\x30\x18\
\x94\x5f\x6d\xcd\xe0\xf7\xfb\x27\x27\x27\xe5\xc7\xeb\x14\x89\x44\
\xa2\xae\x31\x51\x00\x68\x8b\x37\xbf\xf9\xcd\x7f\xf9\x97\x7f\x79\
\xfd\xfa\x75\xf9\x53\xac\x3a\x02\x07\x9a\x2c\x9b\xcd\xb6\xa0\x09\
\x11\x08\x04\x92\xc9\xa4\xfc\xd8\x9d\x22\x91\x48\x74\xf0\xe4\x15\
\x00\x9d\xe1\xf7\x7e\xef\xf7\x5e\x7b\xed\x35\xf9\xf3\xab\x3a\x02\
\x07\x9a\x26\x9f\xcf\x0f\x0d\x0d\xc9\x2f\x49\x37\x85\xc3\xe1\xf9\
\xf9\x79\xf9\x3a\x3a\xc5\xd4\xd4\x54\x4f\x4f\x8f\x7c\xcf\x00\xa0\
\x87\x91\x91\x91\xba\xa6\x71\x10\x38\xd0\x04\xab\xab\xab\x63\x63\
\x63\x3e\x9f\x4f\x7e\x3d\xb6\x44\x24\x12\x59\x59\x59\x91\xaf\xa9\
\x53\xb0\x6f\x18\x00\x3d\xbd\xeb\x5d\xef\xfa\xee\x77\xbf\x2b\x7f\
\x66\x55\xc7\xa4\x51\x6c\x55\xa9\x54\x1a\x1c\x1c\x74\xbe\xbc\xd3\
\x30\x8c\x60\x30\x28\x56\xc0\x5a\x72\xb9\x5c\xa9\x54\xb2\xd6\xca\
\x2e\x2d\x2d\x15\x8b\xc5\x9b\x1e\x59\x9d\x69\x9a\xb3\xb3\xb3\x81\
\x40\x40\x1e\xe8\x14\xcc\x2a\x05\xa0\xa1\xaf\x7e\xf5\xab\xef\x7a\
\xd7\xbb\x9c\xce\x3c\x93\x09\x04\xa8\x47\x36\x9b\x75\x38\xdb\xc0\
\x34\xcd\x68\x34\x3a\x3b\x3b\x2b\x9f\xa2\xba\x6c\x36\x3b\x36\x36\
\xe6\x30\x46\x18\x86\x51\xd7\x93\x7b\x51\x36\x9b\xa5\xdb\x01\x40\
\x1f\x93\x93\x93\xce\xa7\x71\x10\x38\xd0\xb8\x64\x32\xb9\xe9\xd5\
\xd8\x0d\xc3\xd8\xfa\x46\x1a\xd6\x36\x1e\x7e\xbf\x5f\x3e\xfb\x06\
\x89\x44\x42\x3e\xb8\xe3\xa4\xd3\x69\xe6\x76\x00\xd0\xc1\xd1\xa3\
\x47\x9d\x4f\xe3\x20\x70\xa0\x41\x89\x44\x42\x7e\xe9\x6d\x10\x8b\
\xc5\x96\x97\x97\xe5\x23\x1b\xb5\xba\xba\x3a\x3e\x3e\xbe\x69\xc4\
\x19\x1e\x1e\x5e\x5d\x5d\x95\x0f\xee\x38\xc9\x64\x92\xd8\x01\xa0\
\xbd\xf6\xef\xdf\xff\xea\xab\xaf\xca\x1f\x4f\x55\x10\x38\xd0\x88\
\xf1\xf1\x71\xf9\x75\x77\xb3\x48\x24\x92\xcf\xe7\xe5\xc3\x9a\x61\
\x79\x79\x39\x16\x8b\xc9\x8f\x77\xb3\xa1\xa1\x21\xf9\xb0\x0e\xc5\
\x02\x5a\x00\x6d\xf4\xf6\xb7\xbf\xfd\xff\xfe\xdf\xff\x2b\x7f\x30\
\x55\x41\xe0\x40\xdd\x92\xc9\xa4\xfc\xa2\x5b\xc7\xef\xf7\xb7\x60\
\xa9\xea\xe2\xe2\x62\xed\x8d\xc5\xc6\xc7\xc7\xe5\x63\x3a\x17\xb1\
\x03\x40\xbb\xfc\xd9\x9f\xfd\x99\xc3\xed\xbf\x08\x1c\xa8\x4f\x36\
\x9b\xad\xb1\xfc\x35\x14\x0a\x35\x71\x0c\xa5\xb6\xd5\xd5\xd5\xda\
\xdb\x7e\x74\xf0\xce\x60\xb6\x26\x26\x26\x9c\xce\x15\x07\x80\x26\
\x49\x24\x12\x0e\xe7\x8d\x12\x38\x50\x87\xe5\xe5\xe5\x1a\xbf\x49\
\x0f\x0d\x0d\xb5\x7e\xf2\x44\x3c\x1e\x97\xaf\xe3\x06\x9f\xcf\xb7\
\xc5\xc9\xaa\x5e\x74\xf2\xe4\x49\x62\x07\x80\x96\xf9\xc8\x47\x3e\
\xe2\x70\xde\x28\x81\x03\x4e\xad\xae\xae\xd6\xd8\xb3\xbc\x8d\xcb\
\x43\x92\xc9\x64\xb5\xa6\x8b\x69\x9a\x2d\xeb\xb8\xe8\x23\x9b\xcd\
\x8e\x8c\x8c\xc8\xcf\x05\x00\xb8\x60\xef\xde\xbd\x0e\xe7\x8d\x12\
\x38\xe0\xd4\xd8\xd8\x98\xfc\x42\xbb\xa1\x8d\x69\xc3\x32\x3b\x3b\
\x2b\x5f\xd3\x0d\xa1\x50\x48\xde\xbb\x3b\xb0\x33\x3a\x80\xd6\xb8\
\x7a\xf5\xaa\xfc\x01\x64\x87\xc0\x01\x47\x6a\x4c\xdd\xd0\x64\x49\
\x48\x8d\x65\xba\xdd\x36\x99\x63\x3d\x46\x58\x00\xb8\xed\xe2\xc5\
\x8b\x4e\xe6\x8d\x12\x38\xe0\x48\x24\x12\x91\x5f\x62\x4a\x59\xfd\
\x83\xd6\xcf\xdb\xa8\xa6\xda\x2e\x9c\x81\x40\x40\x9f\x17\xd9\x7a\
\x8c\xb0\x00\x70\xd5\x1f\xfe\xe1\x1f\x3a\x99\x37\x7a\x8b\x7c\x1c\
\xb0\x41\x2e\x97\x4b\xa5\x52\xb2\xaa\x94\x69\x9a\x35\xe6\x4f\xb4\
\xde\xe4\xe4\x64\x28\x14\x92\x55\xa5\x96\x96\x96\xce\x9e\x3d\x2b\
\xab\x5d\x23\x18\x0c\x9e\x3b\x77\x8e\x11\x16\x00\x2e\xb9\x7c\xf9\
\xb2\x93\xeb\xb2\x11\x38\xb0\xb9\x6a\xbf\x1f\xcf\xcc\xcc\x38\xd9\
\x6e\xbc\x65\x7c\x3e\x5f\xb5\xdd\xd6\x1f\x7f\xfc\xf1\x72\xb9\x2c\
\xab\xdd\x64\x78\x78\xf8\x85\x17\x5e\x60\x84\x05\x40\xd3\x5d\xbe\
\x7c\x59\x96\xec\x10\x38\xb0\x89\x54\x2a\x95\xcb\xe5\x64\x55\xa9\
\x48\x24\x62\xdb\x4e\x68\x2f\xbf\xdf\x6f\xbb\x50\xb6\x58\x2c\x9e\
\x3a\x75\x4a\x56\xbb\x4f\x3c\x1e\x7f\xee\xb9\xe7\xaa\x25\x48\x00\
\x68\x80\xc3\x0e\x07\x97\xa7\xc7\x26\x7a\x7b\x7b\x37\x06\x0e\x9f\
\xcf\x97\xcf\xe7\xb5\x6a\x6f\xac\x29\x97\xcb\x3d\x3d\x3d\x1b\x2f\
\x6d\xaf\xf3\x6b\x6e\xbd\xe9\xe9\xe9\x47\x1f\x7d\x74\x65\x65\x45\
\x1e\x00\x80\x3a\xfd\xf0\x0f\xff\xf0\xd7\xbf\xfe\xf5\x37\xbd\xe9\
\x4d\xf2\xc0\xcd\xe8\x70\xa0\x96\x4c\x26\xb3\x31\x6d\x28\xa5\xa2\
\xd1\xa8\xb6\x67\x6e\x9f\xcf\x67\xbb\x62\xa5\x5c\x2e\xdb\xce\x44\
\xe9\x4e\xd6\x08\xcb\xc8\xc8\x08\x23\x2c\x00\xb6\xe8\xf2\xe5\xcb\
\xc5\x62\x71\xd3\xfe\x05\x81\x03\xb5\x3c\xf3\xcc\x33\xb2\xa4\x94\
\xdf\xef\x3f\x7e\xfc\xb8\xac\xea\x64\x68\x68\xc8\xf6\x4a\x2b\x4f\
\x3d\xf5\x94\x2c\x75\x31\xc3\x30\xac\xc9\xa4\x3b\x76\xec\x90\xc7\
\x00\xc0\xb1\xef\x7f\xff\xfb\x4e\xa6\x71\x10\x38\x50\xcb\xf9\xf3\
\xe7\x65\x49\xa9\x63\xc7\x8e\x69\xdb\xde\x58\x63\x3b\x93\x63\x61\
\x61\xa1\x54\x2a\xc9\x6a\x77\x3b\x74\xe8\x10\xad\x0e\x00\x5b\x54\
\x28\x14\xe8\x70\xa0\x71\xb9\x5c\xae\x50\x28\xc8\xaa\x52\xb5\x2f\
\x99\xa6\x89\xfe\xfe\xfe\x8d\xcb\x55\x18\x55\xb1\x45\xab\x03\xc0\
\x16\x59\x17\xa9\x97\xd5\x9b\x11\x38\x50\x95\xed\xb9\x39\x10\x08\
\xd4\xb8\x7e\x9b\x3e\x7c\x3e\x9f\xed\x66\x65\x17\x2e\x5c\x90\x25\
\x28\x45\xab\x03\xc0\x56\x7c\xfb\xdb\xdf\x96\xa5\x0d\x08\x1c\xa8\
\xca\xf6\xdc\x6c\x7b\x16\xd7\xd3\x83\x0f\x3e\x28\x4b\x4a\xcd\xcd\
\xcd\x75\xf9\x86\x1c\x35\xac\xb5\x3a\xc8\x1c\x00\xea\x42\xe0\x40\
\xe3\x0a\x85\x82\xed\xfa\x94\x81\x81\x01\x59\xd2\x55\x7f\x7f\xff\
\xc6\x5d\x50\xcb\xe5\xf2\xdc\xdc\x9c\x28\x62\xbd\x43\x87\x0e\x5d\
\xbd\x7a\x95\x56\x07\x00\xe7\xbe\xfd\xed\x6f\x33\xa4\x82\x06\xd9\
\xce\xde\xf0\xfb\xfd\x1a\x6e\xf6\x55\x8d\x61\x18\xe1\x70\x58\x56\
\x95\x5a\x5a\x5a\x92\x25\xdc\x8c\x56\x07\x80\xba\x5c\xbd\x7a\x55\
\x96\x36\x20\x70\xc0\x9e\x6d\xe0\xb0\x3d\x7f\xeb\xec\xfe\xfb\xef\
\x97\x25\xa5\xae\x5c\xb9\x22\x4b\xb0\x73\xe8\xd0\xa1\xe7\x9e\x7b\
\xae\xb7\xb7\x57\x1e\x00\x80\x9b\xd1\xe1\x40\xe3\x36\xee\xd4\x69\
\x75\x38\x64\x49\x6f\xb6\xf3\x5b\x6d\xdf\x1a\x6c\x05\x83\xc1\xe7\
\x9e\x7b\x6e\x74\x74\x94\x56\x07\x80\x1a\x98\xc3\x81\xc6\xd9\xb6\
\x01\xee\xba\xeb\x2e\x59\xd2\x9b\x6d\x42\x22\x70\xd4\xeb\xcc\x99\
\x33\x4f\x3f\xfd\x34\x99\x03\x40\x35\x57\xaf\x5e\xfd\xce\x77\xbe\
\x23\xab\x37\x23\x70\xc0\x9e\xed\x59\xd9\xf6\xfc\xad\x33\xdb\x17\
\x6c\x3b\x5a\x84\xda\x22\x91\xc8\x0b\x2f\xbc\xc0\xf0\x0a\x00\x5b\
\xaf\xbe\xfa\xea\x4b\x2f\xbd\x54\x7b\x54\x85\xc0\x01\x7b\xb6\x81\
\xc3\x76\x84\x42\x67\xb6\x81\xc3\xf6\xad\x61\x53\xa6\x69\x32\xbc\
\x02\xa0\x9a\x4d\x47\x55\x08\x1c\xb0\x67\xdb\x06\xb0\x3d\x7f\xeb\
\xcc\xf6\x05\x97\xcb\x65\x36\x38\x6f\xd8\x99\x33\x67\x9e\x7d\xf6\
\x59\xf6\x24\x05\x20\xfc\xbf\xff\xf7\xff\x64\xe9\x66\x04\x0e\xd8\
\xb3\xdd\x1d\x6b\xe3\xb6\x16\xfa\xdb\xb8\xc1\x79\xb5\x77\x07\x87\
\xc2\xe1\x30\xc3\x2b\x00\x84\xbf\xff\xfb\xbf\xaf\x3d\xa4\xb2\xad\
\xf6\xe1\x26\xc8\xe5\xd4\xe8\xa8\x2c\xae\x31\x0c\xb5\x67\x8f\x2c\
\xae\xf1\xf9\x54\x8d\x5d\x1f\x6a\x1f\xc5\xd6\xf4\xf6\xf6\x6e\xdc\
\xf8\x2b\x9d\x4e\x7b\x6b\x65\x6c\xb9\x5c\xbe\xed\xb6\xdb\x64\x55\
\x29\xd7\xbf\xec\xbb\xc3\xa3\x8f\x3e\x3a\x31\x31\xc1\x27\x13\x80\
\x75\x39\xee\xf7\xbf\xff\xfd\xb7\xdc\x52\xb5\x91\xe1\x7e\xe0\xc8\
\x64\x54\x5f\x9f\x2c\xb6\x46\x8d\x53\xa3\x69\xaa\x5d\xbb\x94\x69\
\xaa\xe1\x61\x79\x08\x4a\x29\xa5\x0e\x1c\x38\xb0\x71\x47\xce\x99\
\x99\x19\x4f\x5c\xb9\x6d\x4d\xa1\x50\xe8\xe9\xe9\x11\x45\xd3\x34\
\xf3\xf9\xbc\x28\xa2\x31\x99\x4c\x66\xff\xfe\xfd\xae\xff\x18\x01\
\xa0\xbd\x27\x9f\x7c\xf2\x43\x1f\xfa\x50\x8d\xc0\x51\xf5\x40\xd3\
\xb4\xb1\x77\x9d\xc9\x54\xbd\x4d\x4f\xab\x53\xa7\xd4\x93\x4f\xca\
\x87\xe0\x06\xdb\xd9\x0f\x9e\x9b\x6e\xd9\x19\x33\x51\x74\x16\x0e\
\x87\x9f\x7b\xee\xb9\x8d\xa9\x0e\x40\xb7\xf9\xfe\xf7\xbf\x2f\x4b\
\x37\x73\x3f\x70\x78\xed\x14\xe5\xba\x62\x51\xf5\xf5\xbd\x7e\x1b\
\x1c\x54\x27\x4f\xbe\x7e\x9b\x9e\x7e\x23\x0f\x69\xf0\x49\xdb\xb5\
\x6b\x97\x2c\x55\xd9\x9c\x43\x67\x04\x8e\x16\xb0\x36\x07\xeb\x6b\
\x57\x23\x13\x80\x1e\x5e\x79\xe5\x15\x59\xba\x99\xfb\x81\x03\x42\
\xb9\xfc\x46\xb0\x48\xa5\xd4\xa9\x53\xaf\xdf\x46\x46\xde\x08\x22\
\x3b\x77\xaa\x6d\xdb\x5e\xbf\xed\xdd\xfb\x7a\xf1\xc0\x81\x37\xd2\
\xc9\xdc\x9c\xca\x64\xd4\xc2\x82\x7c\xf2\xe6\xb1\x3d\x2b\x7b\xae\
\xc3\x61\xfb\x82\x6d\xdf\x1a\xb6\xc2\x30\x8c\x67\x9f\x7d\x96\x15\
\xb3\x40\x37\x2b\x97\xcb\xb5\x47\x57\xbb\x3b\x70\xb4\xe5\xc4\x63\
\xf7\x3b\x77\x2d\x0b\x0b\xaf\xa7\x93\xb9\xb9\x37\xd2\xc9\x81\x03\
\xaa\xaf\x4f\xed\xdd\xfb\x7a\x28\xe9\xe9\x79\x3d\x94\x8c\x8e\xbe\
\x9e\x48\xac\x87\x6c\xe1\x2a\x65\xb6\x67\xe5\x8d\xd3\x48\x35\xf7\
\xfc\xf3\xcf\xcb\x92\x07\xf7\x4b\xf5\x8a\x33\x67\xce\x24\x12\x09\
\x32\x07\xd0\x9d\x36\x1d\x52\x51\x15\xb7\x4d\x4d\x55\x94\xd2\xf4\
\x36\x3c\x2c\x5f\x6d\x0b\xa4\xd3\xf2\x65\xb4\xe0\x16\x08\x54\xc2\
\xe1\x4a\x38\x5c\x89\xc7\x2b\xf1\x78\x65\x66\xa6\x92\x4e\x57\xf2\
\x79\xf9\xda\xd6\x99\x9f\x9f\x97\x5f\x2b\x4a\x29\xa5\xf2\x35\x1f\
\xa5\x1b\xdb\x35\xb1\x33\x33\x33\xf2\x7e\x68\x9e\x6c\x36\xcb\x2e\
\x1d\x40\x17\xfa\xf5\x5f\xff\xf5\x6b\xd7\xae\xc9\x9f\x08\xeb\x74\
\x77\x87\xa3\x2d\xea\xed\x70\x34\xc5\xd2\xd2\xeb\x3d\x0f\xab\x41\
\x72\xf0\xa0\xea\xeb\x53\x3d\x3d\x6f\x74\x47\x46\x46\xd4\xc9\x93\
\xea\xec\xd9\xb5\x49\xbe\xa1\x50\xc8\xb6\xc9\x91\x4a\xa5\x64\x49\
\x57\x99\x4c\xc6\x76\x83\x2f\x6f\xad\xec\xf5\x9c\x60\x30\xc8\x2e\
\x1d\x40\x17\xda\xb4\xc3\xe1\x7e\xe0\x68\xcb\xf9\xd5\x21\x0f\x6e\
\x63\xd5\x7c\x85\xc2\x1b\xcb\x76\x8e\x1c\x59\x7f\x24\x12\x89\xac\
\xff\xa7\xe5\xc2\x85\x0b\xb2\xa4\xab\x67\x9e\x79\x46\x96\xaa\x07\
\x29\x34\x91\x61\x18\x6c\x82\x0e\x74\x9b\xb7\xbc\xe5\x2d\xb2\x74\
\x33\xf7\x03\x87\xce\xda\x32\x96\xaf\x73\x02\xf3\xfb\xd7\x87\xb0\
\x81\x81\x81\x9b\x8e\x2a\xa5\x94\x5a\x58\x58\xb0\x6d\x1b\x68\xe8\
\xfc\xf9\xf3\xb2\x54\xe5\x4d\xc1\x0d\x67\xce\x9c\x89\xc7\xe3\x64\
\x0e\xa0\x4b\x6c\x7a\x6a\xe8\xee\xc0\x01\xe1\xe6\x6b\xb3\x85\xc3\
\xe1\x8d\x73\x20\xca\xe5\xb2\x27\x46\x55\x96\x96\x96\x6c\xd7\xc4\
\xda\xb6\x6d\xe0\x92\x78\x3c\x9e\x4c\x26\xc9\x1c\x00\x08\x1c\xed\
\x70\xf9\xb2\xac\xe8\xe3\xe6\xc0\xe1\xf3\xf9\xfa\xfb\xfb\xd7\x57\
\x2c\x4f\x3c\xf1\x84\x2c\xe9\xe7\xd4\xa9\x53\xb2\xa4\x54\x20\x10\
\x08\x04\x02\xb2\x0a\x37\x0d\x0c\x0c\x3c\xfb\xec\xb3\x64\x0e\x00\
\xdd\x1d\x38\x36\xfc\xfa\xde\xed\x36\x5c\x7d\xde\x76\x00\x22\x97\
\xcb\x4d\x4f\x4f\xcb\xaa\x4e\x72\xb9\x9c\xed\x78\xca\xc3\x0f\x3f\
\x2c\x4b\x70\x9f\xb5\x1b\x29\x4b\x57\x80\x2e\xe7\xfe\xb5\x54\x96\
\x96\x36\xd9\x37\x73\x61\xa1\xd6\xf6\xe7\x2f\xbf\xac\x6a\xef\xfd\
\xb0\xe9\xf3\xd7\x30\x35\xd5\x86\x6b\xa9\xf4\xf5\xa9\x4c\x46\x16\
\x35\x91\x48\xa8\x58\x6c\x7d\xa1\x5c\x2e\xef\xd8\xb1\x63\xe3\xb5\
\x55\xfd\x7e\x7f\x3e\x9f\xd7\xf6\xe2\xb1\xb6\x17\x82\x51\x4a\x65\
\xb3\xd9\x60\x30\x28\xab\x68\x89\x52\xa9\xb4\x7f\xff\xfe\x6c\x36\
\x2b\x0f\x00\xe8\x08\x47\x8f\x1e\x4d\x24\x12\xdb\xb7\x6f\x97\x07\
\xd6\xc8\x75\xb2\x9d\x27\x9d\xb6\xb9\xcd\xcc\x54\xe2\xf1\x4a\x36\
\x2b\xef\xdc\x02\xe1\xb0\xdc\x24\x43\x9f\x5b\x32\x29\x5f\x6d\xa5\
\x32\x3e\x3e\x2e\xbf\x68\x94\x52\x4a\x25\x12\x09\x79\xd7\xc6\xac\
\xae\x56\x7c\xbe\x4a\x20\x50\x19\x1a\xaa\x24\x12\x95\x74\x5a\xde\
\xa1\x4e\xc9\x64\x52\xbe\x56\xa5\xac\xd9\x1b\xf2\xae\x68\xad\x95\
\x95\x15\x76\x40\x07\x3a\xd5\xd1\xa3\x47\x6b\xef\xc3\xd1\x05\x81\
\x43\x37\xa6\x29\x4f\xf3\xfa\xdc\xec\x12\xd8\xea\xea\xaa\xed\x3a\
\x52\x9f\xcf\xb7\xbc\xbc\x2c\xef\xdd\x80\x6c\x56\xbe\x0c\xa5\x2a\
\xc1\x60\x65\x78\xb8\x32\x39\x59\x99\x9f\x97\xf7\xdf\x8c\x6d\x0f\
\xc3\xe7\xf3\x65\xed\xde\x1d\x5a\x6f\x64\x64\x84\x29\x1d\x40\xe7\
\xd9\x34\x70\xb8\x3f\xa4\x82\x8d\xd6\x46\x91\xca\xe5\x37\xae\x87\
\x72\xe5\xca\x1b\x3b\x91\x6f\x65\x9c\x68\x2b\x56\x56\x6c\xe7\xb5\
\x4c\x4c\x4c\x8c\x8e\x8e\xca\xaa\x52\xfd\xfd\xfd\xb3\xb3\xb3\xb2\
\x5a\xaf\x89\x09\x65\xf7\xe4\x37\x09\x85\x54\x30\xa8\xf6\xed\x53\
\xe1\x70\xed\x0d\xe9\x47\x47\x47\x27\x26\x26\x64\x55\xa9\x58\x2c\
\x96\x48\x24\x64\x15\x6d\xf2\xe8\xa3\x8f\x4e\x4c\x4c\xf0\xc3\x07\
\xe8\x24\x9b\x0e\xa9\x10\x38\xb4\xb7\x31\x9d\xac\xcd\x6b\x69\x6e\
\x2e\x31\x0c\xb5\xb2\x22\x8b\x37\xf4\xf6\xf6\xda\x5e\x48\xa5\x09\
\x27\xf2\x91\x11\x55\xd7\x14\xd4\x40\x40\xf5\xf7\xab\x7d\xfb\x54\
\x7f\xbf\xd8\xba\xed\xfc\xf9\xf3\x07\x0f\x1e\x5c\x5f\xb1\xf8\x7c\
\xbe\x7c\x3e\x6f\xdb\xa7\x41\xbb\x9c\x3a\x75\xea\xd4\xa9\x53\xfc\
\xfc\x01\x3a\xc6\xa6\x81\x83\x21\x95\x8e\x60\x4d\x4c\x49\x26\x5f\
\xbf\x54\xca\xd0\xd0\xeb\x57\x4e\xd9\x38\x54\x51\xe3\x16\x0c\xca\
\xa7\x5d\xa7\xda\xc4\x08\xa5\xd4\xd4\xd4\x94\xbc\x77\x5d\x82\x41\
\xf9\x4a\x9c\xdf\x42\xa1\xca\xd8\x98\x35\xed\x63\x7e\x7e\xbe\xda\
\x24\xd6\x78\x3c\x2e\x3f\x28\x34\x30\x31\x31\xc1\xd8\x0a\xd0\x31\
\xba\x6e\x48\xa5\x58\x2c\x2e\x2d\x2d\x59\x1b\x62\x96\xcb\xe5\x2b\
\x57\xae\x58\xff\xb4\x98\xa6\xb9\x6b\xd7\xae\xb5\xab\x69\x98\xa6\
\x69\x6e\x58\x08\xda\x81\x4a\xa5\x9b\x3a\x22\xcf\x3f\xaf\x8a\x45\
\x55\x28\xc8\x3d\x4f\x23\x11\x55\x3d\x55\xd4\x68\x72\xf8\x7c\xbe\
\x74\x3a\x1d\x0a\x85\xe4\x01\x27\x4a\x25\xd5\x8c\xd5\x92\x95\xb7\
\xbc\x25\xa3\xd4\x9f\x7d\xff\xfb\x73\x4a\x89\x97\xa8\xf9\x82\x9a\
\x2e\x77\xe1\xc2\x85\xc1\xc1\xc1\x0e\xfb\x29\x04\x74\xa7\x6e\xe9\
\x70\xe4\xf3\xf9\x44\x22\xd1\xc0\x39\x2f\x10\x08\x8c\x8d\x8d\x75\
\xef\x74\xc2\x7c\xbe\x92\x4e\x57\xa6\xa6\x2a\xf1\xb8\xed\x12\x95\
\xf5\xf2\xf9\xfc\xc6\x8d\x47\x2d\x7e\xbf\xbf\xc1\xcf\xa1\x0b\xd7\
\xce\x5d\x51\x6a\x46\xa9\xa8\x52\x81\x1b\x61\x48\x7e\x50\xe8\x24\
\x9d\x4e\xd3\xe7\x00\x3a\xc0\xa6\x1d\x0e\x6f\x07\x8e\x6c\x36\x1b\
\x8f\xc7\x9b\xb2\x77\xa4\x69\x9a\xd1\x68\x94\x93\x53\x6d\xe9\x74\
\xba\x5a\xab\xc0\xe7\xf3\x35\x72\xd9\xf7\x44\x62\x63\x62\x68\xe2\
\xed\x3b\x77\xdc\x51\x19\x1e\xae\xcc\xcc\x54\x56\x57\xe5\x87\x86\
\x36\xc8\x1c\x40\x07\xe8\xd8\xc0\x31\x3b\x3b\x6b\xbb\xfa\x71\xeb\
\xfc\x7e\xff\xe4\xe4\xa4\xfc\x78\xb8\x61\x72\x72\x52\x7e\xca\xd6\
\xa9\x7b\xb6\xc4\xd0\xd0\xc6\x94\xe0\xca\xcd\xe7\xab\x0c\x0d\x91\
\x3c\xb4\x45\xe6\x00\xbc\xae\x03\x03\x47\x36\x9b\xb5\x66\x60\xb8\
\x2a\x10\x08\x24\x37\x1b\x62\xe8\x5a\xb1\x9b\x77\x23\x15\x22\x91\
\xc8\xaa\xf3\x93\x7a\x5b\x76\x25\x89\x44\x2a\x53\x53\x95\x95\x15\
\xf9\x62\xd0\x56\x64\x0e\xc0\xd3\x3a\x2a\x70\xe4\xf3\xf9\xa1\xa1\
\x21\xf9\x16\xdd\x14\x0e\x87\xe7\xeb\xdf\x78\xaa\x1b\xd8\x5e\xd4\
\x6d\x8d\xdf\xef\x77\x34\xbc\xb2\xb2\x22\xa3\x40\x8b\x6f\x24\x0f\
\xcd\x90\x39\x00\xef\xea\x90\xc0\xb1\xba\xba\x3a\x36\x36\x56\x6d\
\xf6\x80\xdb\x22\x91\xc8\x0a\xe7\xa4\x9b\xad\xac\xac\x6c\xda\x67\
\x0a\x06\x83\x9b\xcc\x89\x99\x9d\x95\x09\xa0\x5d\x37\x92\x87\x36\
\xb2\xd9\x2c\x99\x03\xf0\xa2\x4d\x03\x87\x07\x96\xc5\x96\x4a\xa5\
\xc1\xc1\xc1\x8c\xe3\x0b\x9e\x19\x86\x11\x0c\x06\xc5\x0a\x58\x4b\
\x2e\x97\x2b\x95\x4a\xd6\x5a\xd9\xa5\xa5\xa5\xa2\xe3\x5d\xb3\x4c\
\xd3\x9c\x9d\x9d\x6d\xca\xec\xd4\x8e\x51\x2e\x97\x47\x47\x47\xcf\
\x9e\x3d\x2b\x0f\xdc\xac\xbf\xbf\x7f\x7c\x7c\xdc\x7e\xc2\xcd\xdc\
\x9c\x7a\xfc\x71\xbd\x2e\x65\x17\x0e\xab\x87\x1f\x56\x91\x48\xed\
\xfd\x4c\xe1\xaa\x4c\x26\xb3\x7f\xff\x7e\xfd\x7f\x34\x01\x58\xcf\
\xf3\xcb\x62\xb3\xd9\xac\xc3\xad\x32\xac\x65\x26\xb3\xb3\xb3\xf2\
\x29\xaa\xcb\x66\xb3\x63\x63\x63\x0e\x63\x84\x61\x18\x75\x3d\x79\
\x97\x70\xb8\xcd\xa8\x69\x9a\xb1\x58\xac\x6a\xc3\x23\x9b\xad\x4c\
\x4e\x56\xa2\xd1\x2d\x6d\x02\xd6\xdc\x5b\x38\x5c\x99\x9c\xa4\xe7\
\xd1\x2e\x8c\xad\x00\x9e\xb3\x69\x87\x43\xeb\xc0\x91\x4c\x26\xab\
\x6d\xfc\xb0\xc6\x30\x8c\xad\x6f\xa4\x61\x6d\xe3\xe1\x64\xeb\xeb\
\xa6\x5d\x22\xb5\x83\xa4\xd3\xe9\x4d\xff\x9b\xd6\x18\x86\x31\x3c\
\x3c\x3c\x3e\x3e\x9e\x4e\xa7\xd3\xe9\xb4\xb8\xfc\xdb\xea\xea\x6a\
\x3a\x9d\xce\x26\x12\x99\x48\xe4\x2f\xff\xf1\x3f\xfe\xe6\x9b\xde\
\x24\x73\x40\x8b\x6f\x8b\x8b\xeb\x5f\x1e\x5a\x29\x95\x4a\x91\x39\
\x00\x0f\xf1\x70\xe0\x70\xf2\xab\x73\x2c\x16\x6b\xce\x05\x4b\x2b\
\x15\xeb\x6c\x37\x3e\x3e\xbe\xe9\xb9\x73\x78\x78\xb8\x8e\x55\x18\
\xdd\x61\x71\x71\xd1\x61\xa3\xc8\x96\xcf\xe7\xab\x96\xf6\x7c\x4a\
\x45\x94\x4a\x28\xb5\xb8\x31\x0d\xb8\x7d\xeb\xef\x97\xef\x13\xad\
\xc5\xde\xe7\x80\x87\x78\x35\x70\x8c\x8f\x8f\xcb\xb7\x72\xb3\x48\
\x24\x92\xcf\xe7\xe5\xc3\x9a\x61\x79\x79\xb9\xf6\xb2\x4f\xa5\xd4\
\xd0\xd0\x90\x7c\x18\x2a\x15\x87\x5d\xa2\x86\xf9\x95\x1a\x52\x6a\
\x4a\xa9\xfc\xc6\x70\xe0\xc6\x8d\x75\xd1\x1a\xe0\x5a\xf6\x80\x57\
\x78\x32\x70\xd4\xb8\x4e\x98\xb5\xe4\xb2\x05\x4b\x55\x17\x17\x17\
\xed\xe7\x39\xde\x30\x3e\x3e\x2e\x1f\x83\x4a\x65\x65\x65\x25\x1e\
\x8f\xb7\x60\x3d\x91\xa9\xd4\x93\x7b\xf7\xae\x46\x22\x15\xbf\x5f\
\x06\x85\xa6\xdc\xfc\x7e\xb6\x08\xd3\x04\x99\x03\xf0\x04\xef\x05\
\x8e\x6c\x36\x5b\xe3\x74\x15\x0a\x85\x9a\x38\x86\x52\xdb\xea\xea\
\x6a\xed\x6d\x3f\xd8\x19\xac\x9a\xe5\xe5\xe5\x68\x34\x2a\x3f\x5f\
\xcd\xd3\xdf\xdf\x7f\xd3\xac\x9d\x6c\xb6\x92\x48\x54\x22\x91\x8a\
\xcf\x27\x73\x43\xc3\xb7\x7a\xb7\x4c\x85\x9b\x06\x07\x07\xc9\x1c\
\x80\xe6\x3c\x16\x38\x96\x97\x97\x6b\xac\x49\x19\x1a\x1a\x6a\xfd\
\xe4\x89\x78\x3c\x2e\x5f\xc7\x0d\x3e\x9f\x6f\x8b\x93\x55\x3b\x5b\
\x3e\x9f\x6f\xd6\x95\x6e\x2c\xd6\x52\x97\x4d\xfa\x5b\xf3\xf3\x95\
\x78\xbc\x12\x0e\xcb\x00\x51\xef\xad\x55\xb9\x16\x0e\xf5\xf5\xf5\
\xc9\x2f\x08\x00\x3a\xf1\x52\xe0\x58\x5d\x5d\xad\xb1\x97\x54\x1b\
\x97\x87\x24\x93\xc9\x6a\x4d\x17\xd3\x34\x5b\xd6\x71\xf1\xae\x86\
\xaf\xe5\x6b\x09\x04\x02\xf1\x78\xbc\xee\x6c\xb7\xba\x5a\x99\x99\
\xa9\x0c\x0d\x35\xd2\xf6\x88\x44\xe4\xb3\x41\x03\xbd\xbd\xbd\xf2\
\x8b\x03\x80\x36\x36\x0d\x1c\x1a\x6d\xfc\x75\xe2\xc4\x89\xd3\xa7\
\x4f\xcb\xaa\x52\x56\xda\xd8\x74\x22\xa7\xab\xe6\xe6\xe6\x0e\x1c\
\x38\x20\xab\x4a\x59\xa3\x3c\xf3\xf3\xf3\xb2\x0a\x3b\xc5\x62\x31\
\x95\x4a\x15\x8b\xc5\xcb\x97\x2f\x17\x0a\x05\x6b\x8b\x27\x71\x9f\
\x50\x28\x64\x2d\x5a\xb9\xf7\xde\x7b\x0d\xc3\x88\x44\x22\x35\x9a\
\x5e\x8e\x94\xcb\x2a\x95\x52\x17\x2e\xa8\x54\x4a\x95\xcb\xf2\xa8\
\xad\xd9\x59\x55\x73\xef\x76\xb4\x45\xa9\x54\xba\xe7\x9e\x7b\xae\
\x5e\xbd\x2a\x0f\x00\xd0\x80\x67\x36\xfe\xaa\x31\x75\x43\x93\x25\
\x21\x35\x96\xe9\x32\x99\x63\x8b\xf2\xf9\xfc\x62\x6b\x76\xbc\x48\
\x26\x2b\xc3\xc3\x15\xc3\x90\x2d\x8d\xf5\x37\xd3\x94\x8f\x82\x36\
\xd8\x10\x0c\xd0\xd6\xa6\x1d\x0e\x5d\x02\x47\x24\x12\x91\xaf\x5d\
\x29\xeb\xf7\xdd\xd6\xcf\xdb\xa8\x66\x78\x78\x58\xbe\x3e\xa5\xac\
\x9e\xbf\x3e\x2f\x12\x8e\xd4\x48\x1e\xed\x1b\xbc\x83\x13\x6c\x08\
\x06\xe8\xc9\x1b\x81\x23\x9b\xcd\xca\x17\xae\x94\x86\x33\x24\x56\
\x57\x57\xab\x4d\x44\x68\xe3\x14\x13\x6c\x89\x48\x1e\x3e\x1f\xd3\
\x45\xf5\xc7\x42\x59\x40\x43\x9b\x06\x0e\x2d\xe6\x70\xf4\xf6\xf6\
\xe6\x72\x39\x59\x55\x6a\x7e\x7e\xbe\xda\x09\xbe\x5d\x8a\xc5\xe2\
\xee\xdd\xbb\x4b\xa5\x92\xa8\xfb\xfd\xfe\x7c\x3e\x5f\x6d\x54\x08\
\x1e\x60\xcd\xf3\x50\x4a\x4d\x4d\xc9\x43\xd0\xcf\xfe\xfd\xfb\xd3\
\xe9\xb4\xac\x02\x68\x9f\x4d\xe7\x70\xdc\x22\x0b\x2d\x97\x4a\xa5\
\x6c\xd3\x46\x24\x12\xd1\x2d\x6d\x58\xc1\xc2\x76\xa1\x6c\xb1\x58\
\x3c\x75\xea\x94\xac\xc2\x43\x22\x11\x35\x35\x45\xda\xf0\x8a\xa7\
\x9f\x7e\xfa\xee\xbb\xef\x96\x55\x00\x1a\x6b\x7f\x87\xc3\xb6\xbd\
\xe1\xf3\xf9\xf2\xf9\xbc\xab\xfb\x64\x37\xac\x5c\x2e\xf7\xf4\xf4\
\x6c\xbc\xb4\xbd\xce\xaf\x19\xe8\x3c\x85\x42\xe1\x9e\x7b\xee\xb9\
\x7e\xfd\xba\x3c\x00\xa0\x1d\x74\xef\x70\x64\x32\x99\x8d\x69\x43\
\x29\x15\x8d\x46\xb5\x3d\x73\xfb\x7c\x3e\xdb\x15\x2b\xe5\x72\x39\
\x95\x4a\xc9\x2a\x00\x77\x98\xa6\xf9\xc5\x2f\x7e\x91\xc9\x1c\x80\
\x57\xb4\x39\x70\x3c\xf3\xcc\x33\xb2\xa4\x94\xdf\xef\x3f\x7e\xfc\
\xb8\xac\xea\x64\x68\x68\xc8\xf6\x4a\x2b\x4f\x3d\xf5\x94\x2c\x01\
\x70\x4d\x38\x1c\x8e\xc5\x62\x64\x0e\xc0\x13\xda\x1c\x38\xce\x9f\
\x3f\x2f\x4b\x4a\x1d\x3b\x76\x4c\xdb\xf6\xc6\x1a\xdb\x99\x1c\x0b\
\x0b\x0b\x1b\xe7\x93\x02\x70\xcf\x99\x33\x67\xd8\x81\x14\xf0\x84\
\x76\x06\x8e\x5c\x2e\x67\x6d\x37\x29\xd4\xbe\x64\x9a\x26\xfa\xfb\
\xfb\x0d\xc3\x10\x45\x46\x55\xd0\xb8\xd3\xa7\xd5\x86\x7d\x57\xe1\
\xc4\x1f\xff\xf1\x1f\xdf\x72\x4b\x3b\x7f\x94\x01\x70\xa2\x9d\xdf\
\xa5\xb6\xe7\xe6\x40\x20\xb0\xd5\xad\xac\x5b\xc2\xe7\xf3\xd9\x6e\
\x56\x76\xc1\x5a\x5a\x09\xd4\x65\x61\x41\x9d\x38\xa1\xfa\xfa\xd4\
\xc8\x88\xa2\x49\x56\x27\xd3\x34\x9f\x7e\xfa\x69\x06\x56\x00\xcd\
\xb5\x33\x70\xd8\x9e\x9b\x6d\xcf\xe2\x7a\x7a\xf0\xc1\x07\x65\x49\
\xa9\xb9\xb9\xb9\xb2\xc3\x0b\x76\x00\x96\x72\x59\x1d\x39\xf2\xfa\
\xdf\xa7\xa7\xd5\xee\xdd\xca\x6e\xa8\x11\x35\x0c\x0c\x0c\x44\x22\
\x11\x32\x07\xa0\xb3\xb6\x05\x8e\x42\xa1\x60\xbb\x3e\x65\x60\x60\
\x40\x96\x74\xd5\xdf\xdf\xbf\x71\xa7\xaf\x72\xb9\x3c\x37\x37\x27\
\x8a\x40\x2d\xa7\x4f\xab\xf5\xdf\x0b\xc5\xa2\x3a\x78\x50\x1d\x38\
\xa0\x36\x2c\xbd\x46\x0d\xe7\xce\x9d\xeb\xe9\xe9\x91\x55\x00\xda\
\x68\x67\xe0\x90\x25\xa5\xfc\x7e\xbf\x86\x9b\x7d\x55\x63\x18\x46\
\x38\x1c\x96\x55\xa5\x96\x96\x96\x64\x09\xa8\x66\x69\x49\x3d\xfe\
\xb8\x2c\x2a\xa5\xe6\xe6\xd4\xee\xdd\xaa\xca\xf5\x93\xb1\x91\x61\
\x18\xff\xf9\x3f\xff\x67\x9a\x1c\x80\xb6\xf4\x0a\x1c\xb6\xe7\x6f\
\x9d\xdd\x7f\xff\xfd\xb2\xa4\xd4\x95\x2b\x57\x64\x09\xa8\x66\x64\
\x44\x55\x1b\x83\x2b\x95\xd4\x89\x13\x6a\xef\x5e\x45\x84\x75\x86\
\x55\xb2\x80\xce\xda\x16\x38\x36\xee\xd4\x69\x75\x38\x64\x49\x6f\
\xb6\xf3\x5b\x6d\xdf\x1a\x60\xe3\xec\x59\xb5\xb0\x20\x8b\xc2\xc2\
\x82\xda\xbd\x5b\x9d\x38\x51\x35\x97\x60\x1d\x56\xc9\x02\xda\x6a\
\x5b\xe0\xb0\x6d\x03\xdc\x75\xd7\x5d\xb2\xa4\x37\xdb\x84\x44\xe0\
\x80\x23\xc5\xa2\x1a\x1d\x95\xc5\x6a\x4e\x9f\x56\xbd\xbd\xac\x9b\
\x75\x82\x55\xb2\x80\x9e\xda\xf6\x6d\x69\x7b\x56\xb6\x3d\x7f\xeb\
\xcc\xf6\x05\xdb\x8e\x16\x01\xd2\x91\x23\xf5\x35\x2d\x96\x96\x54\
\x5f\x5f\x1d\x19\xa5\x5b\x99\xa6\xf9\xd8\x63\x8f\x31\xb0\x02\xe8\
\x46\xaf\xc0\x61\x3b\x42\xa1\x33\xdb\xc0\x61\xfb\xd6\x80\x9b\x9c\
\x3f\xaf\xec\xf6\xa1\xd9\xdc\xc4\x84\xea\xeb\x63\xaf\x8e\xda\xe2\
\xf1\x38\x2b\x56\x00\xdd\xb4\x2d\x70\xd8\xb6\x01\x6c\xcf\xdf\x3a\
\xb3\x7d\xc1\xe5\x72\x99\x0d\xce\x51\x4b\xa9\xb4\xa5\x46\x45\x26\
\xa3\x7a\x7b\x6f\x5a\x49\x8b\x0d\x58\xb1\x02\xe8\xa6\x6d\x81\xc3\
\x76\x77\xac\x8d\xdb\x5a\xe8\x6f\xe3\x06\xe7\xd5\xde\x1d\xf0\xba\
\x72\x59\xd9\x5d\xfc\xaf\x0e\x85\x82\xda\xbb\x97\xfd\xc1\x6a\x08\
\x87\xc3\x6c\x05\x06\x68\xa5\x6d\x81\xc3\xb6\x37\x60\xdb\xf6\xd0\
\x59\xb5\x66\x86\xed\xbb\x03\x5e\xe7\xf7\xab\xd9\x59\x35\x3b\xab\
\xb6\xf2\x75\x52\x2e\xab\x83\x07\xeb\x9e\x08\xd2\x4d\xce\x9d\x3b\
\x47\xe0\x00\xf4\xa1\x57\xe0\xf0\xdc\xec\x07\xdb\x17\xec\xb9\x99\
\x28\x68\x8f\xfe\x7e\xb5\xb8\xa8\x62\x31\x59\xaf\xcb\xd9\xb3\xaa\
\xaf\x8f\x3d\x49\x6d\x19\x86\x41\xe6\x00\xf4\x41\xe0\xd8\x12\xdb\
\x96\x8c\xed\x5b\x03\x6c\x18\x86\x4a\x24\xd4\xfc\xbc\x0a\x04\xe4\
\x21\xe7\x16\x16\x54\x6f\xef\xe6\xfb\x79\x74\xa5\x43\x87\x0e\xb1\
\x2d\x07\xa0\x89\xb6\x05\x8e\x5d\xbb\x76\xc9\x52\x95\xcd\x39\x74\
\x46\xe0\x40\x13\x84\x42\x2a\x9b\x55\xe3\xe3\xaa\xe1\x39\x4c\xc5\
\xa2\xea\xeb\x53\x67\xcf\xca\x3a\xd8\x96\x03\xd0\x46\xdb\xbe\x0f\
\x6d\xcf\xca\x9e\xeb\x70\xd8\xbe\x60\xdb\xb7\x06\xd4\xe2\xf3\xa9\
\xb1\x31\x95\xcd\xaa\x86\xaf\x25\x64\x5d\x72\x96\x29\x1d\x1b\x98\
\xa6\x79\xe8\xd0\x21\x06\x56\x80\xb6\xd3\x2b\x70\xd8\x5e\x3f\x56\
\x67\xcf\x3f\xff\xbc\x2c\x79\x70\xbf\x54\xe8\x22\x10\x50\xf3\xf3\
\x6a\x6a\x4a\xd9\x2d\x7d\x72\x84\x29\x1d\x76\xce\x9c\x39\xc3\xb6\
\x1c\x40\xdb\x69\x17\x38\x6c\x07\x29\xb4\x95\xb2\xdb\xbb\x29\xb0\
\x95\xf1\x78\x60\x78\x58\x2d\x2e\xaa\x48\x44\xd6\x1d\x62\x4a\xc7\
\x06\x86\x61\xb0\xf7\x28\xd0\x76\x6d\x0b\x1c\xa1\x50\xc8\x36\x73\
\xd8\x9e\xc2\xf5\x94\xc9\x64\x6c\xd7\xc4\x7a\xee\x9a\xb7\xd0\x8e\
\xdf\xaf\x92\x49\x95\x48\xc8\xba\x43\xd6\x94\x8e\xe9\x69\x59\xef\
\x62\x03\x03\x03\x34\x39\x80\xf6\x6a\x5b\xe0\x50\x4a\x45\xec\x7e\
\x87\xbb\x70\xe1\x82\x2c\xe9\xea\x99\x67\x9e\x91\xa5\xea\x41\x0a\
\xa8\x5b\x2c\xa6\xd2\xe9\x06\x87\x57\xca\x65\x35\x32\xa2\x4e\x9f\
\x96\xf5\x6e\x45\x93\x03\x68\xbb\x76\x06\x8e\x81\x81\x01\x59\x52\
\x6a\x61\x61\xc1\xb6\x6d\xa0\xa1\xf3\x76\xfb\x3c\xda\xbe\x29\xa0\
\x41\xe1\xb0\xca\x66\x1b\xdf\x96\xf4\xc4\x09\x75\xe2\x84\x2c\x76\
\xab\x43\x87\x0e\xd1\xe4\x00\xda\xa8\x9d\x81\x23\x1c\x0e\x6f\xdc\
\x17\xbc\x5c\x2e\x7b\x62\x54\x65\x69\x69\xc9\x76\xba\x89\x6d\xdb\
\x06\x68\x9c\x69\xaa\xf9\x79\x35\x34\x24\xeb\x0e\x9d\x3e\xad\x46\
\x46\x64\xb1\x5b\xd1\xe4\x00\xda\xa8\x9d\x81\xc3\xe7\xf3\xf5\xf7\
\xf7\xcb\xaa\x52\x4f\x3c\xf1\x84\x2c\xe9\xe7\xd4\xa9\x53\xb2\xa4\
\x54\x20\x10\x60\xc6\x28\x9a\xcf\xe7\x53\x33\x33\x8d\x4f\xe9\x98\
\x9e\x56\x07\x0f\xb2\x5c\x96\x26\x07\xd0\x5e\xed\x0c\x1c\xd5\x06\
\x20\x72\xb9\xdc\xb4\xde\xf3\xdd\x72\xb9\x9c\xed\x78\xca\xc3\x0f\
\x3f\x2c\x4b\x40\xb3\x6c\x65\x4a\xc7\xf9\xf3\x6a\x70\x90\xcc\x61\
\x2d\x91\xa5\xc9\x01\xb4\x45\x9b\x03\x47\x24\x12\xb1\xbd\x42\xec\
\x89\x13\x27\x74\xbe\xe0\xea\x89\x2a\xe3\xe2\x8c\xa7\xc0\x5d\xe1\
\xb0\x5a\x5c\x6c\x70\x73\xb0\xb9\x39\xb5\x77\xaf\xf2\xc8\x04\x29\
\xf7\x0c\x0c\x0c\xb0\xd9\x39\xd0\x16\x6d\x0e\x1c\x3e\x9f\x2f\x1e\
\x8f\xcb\xaa\x52\xc5\x62\xf1\xac\xae\xfb\x34\xa7\x52\xa9\xb9\xb9\
\x39\x59\x55\x2a\x12\x89\x04\x1b\x9e\xdc\x07\x38\xe4\xf7\xab\x74\
\x5a\x45\xa3\xb2\xee\x44\x2e\xa7\xfa\xfa\xc8\x1c\x34\x39\x80\xf6\
\xa8\xb4\xdb\xea\xea\xaa\xed\x3a\x52\x9f\xcf\xb7\xbc\xbc\x2c\xef\
\xad\x01\xdb\x54\xe1\xf3\xf9\xb2\xd9\xac\xbc\x2b\xe0\x9e\xc9\xc9\
\x8a\xcf\x57\x51\xaa\xee\x5b\x38\x5c\x59\x5d\x95\xcf\xd6\x65\xee\
\xbb\xef\x3e\xf9\x3d\x0c\x60\x6b\x8e\x1e\x3d\x7a\xed\xda\x35\xf9\
\xcd\xb6\x4e\x9b\x3b\x1c\xd6\xa9\xfa\xf8\xf1\xe3\xb2\xaa\x54\xb9\
\x5c\x1e\xd1\x6f\x76\xfd\xe8\xe8\xa8\xed\xfe\xeb\xd1\x68\xd4\x36\
\x88\x00\x6e\x89\x46\x55\x3a\xad\xec\xc2\xfa\x26\x32\x19\xe6\x73\
\xd0\xe4\x00\xda\x40\x26\x90\x36\xa9\x76\xb6\x8e\xc5\x62\xf2\xae\
\xed\x33\x33\x33\x23\x5f\x9f\x52\x3a\x37\x63\xd0\xf9\x96\x97\x2b\
\xc1\xa0\xec\x61\x38\xb9\xf5\xf7\xcb\xa7\xea\x32\x77\xdf\x7d\xb7\
\xfc\x4e\x06\xb0\x05\x1e\xe8\x70\x58\x6c\x67\x72\x28\xa5\x26\x26\
\x26\x34\x59\xb1\xb2\xb0\xb0\x50\xad\xe3\x72\xfc\xf8\x71\xdb\x51\
\x21\xc0\x75\xd6\x94\x8e\x2a\x79\xbd\x96\xb9\xb9\x2e\xdf\x9f\x83\
\x3d\x39\x80\x56\x93\x09\xa4\x7d\xaa\x35\x39\x7c\x3e\xdf\xfc\xfc\
\xbc\xbc\x77\x6b\xe5\xf3\xf9\x6a\x91\xc2\xef\xf7\xaf\x76\xfd\x88\
\x38\xda\x6c\x75\xb5\xd2\xdf\x2f\x7b\x18\x4e\x6e\xc3\xc3\xf2\xa9\
\xba\xc6\xca\xca\x0a\x4d\x0e\xa0\x89\x3c\xd3\xe1\x50\x4a\x25\x93\
\xc9\x8d\x1b\x8f\x5a\x93\x39\x06\x07\x07\x6d\x67\x4e\xb4\x46\xb1\
\x58\x1c\x1c\x1c\x2c\xda\x5d\xf2\xdb\xe7\xf3\xcd\xcc\xcc\xd8\xae\
\xec\x05\x5a\xc7\xe7\x53\xc9\x64\x23\xbb\x91\x4e\x4f\xab\xd1\x51\
\x59\xec\x0e\x86\x61\x0c\x0c\x0c\xd0\xe4\x00\x5a\x46\xa3\xc0\x61\
\x9a\x66\x32\x99\xb4\x3d\x79\x17\x8b\xc5\xbd\x7b\xf7\xda\xee\xb5\
\xe5\xb6\x85\x85\x85\xde\xde\xde\x6a\x71\x27\x91\x48\x70\x6d\x58\
\x68\xc1\xda\x8d\x74\x78\x58\xd6\x37\x35\x31\xa1\xda\xf1\x9d\xa5\
\x03\x46\x55\x80\x56\xd2\x28\x70\x58\x57\x57\x49\x54\xd9\xbf\xb9\
\x5c\x2e\x1f\x3c\x78\xf0\xe4\xc9\x93\xf2\x80\x9b\xce\x9f\x3f\xdf\
\xd7\xd7\x67\xdb\xdb\xb0\x26\xb4\x46\x1b\xdb\x0e\x01\x70\xc9\xd4\
\x94\x1a\x1b\x93\xc5\x4d\x55\xd9\xc8\xae\xe3\x19\x86\x71\xe8\xd0\
\x21\x32\x07\xd0\x22\x72\x8c\x45\x03\xb1\x58\x4c\xbe\xca\x75\x22\
\x91\x48\x6b\xe6\x4c\xd4\x7e\x19\xe1\x70\x58\x3e\x00\xd0\x44\x3c\
\x2e\xe7\x6a\xd4\xb8\x85\x42\x95\x2e\x5e\x63\x95\xcf\xe7\x6f\xb9\
\x45\xaf\xdf\xbb\x00\x8f\xda\x74\x0e\x87\x8e\x81\xa3\x52\xa9\xd8\
\x5e\xd4\x6d\x8d\xdf\xef\x9f\x99\x99\x91\x8f\x69\x9e\x74\x3a\x5d\
\x6d\x06\xab\xc5\x34\xcd\x95\x95\x15\xf9\x30\x40\x1f\xd1\xa8\x0c\
\x16\xb6\xb7\x68\x94\x4d\xc0\xfa\xfa\xfa\x68\x72\x00\x5b\xe7\xd5\
\xc0\xb1\xb2\xb2\xb2\xe9\xdc\x88\x60\x30\x98\x4e\xa7\xe5\x23\xb7\
\x26\x9b\xcd\xd6\xce\x3a\x56\xda\xc8\xe7\xf3\xf2\x91\x80\x6e\x86\
\x87\x65\xbc\x58\x7f\xf3\xf9\x2a\x93\x93\xf2\x21\x5d\x29\x93\xc9\
\x10\x38\x80\xad\xf3\x6a\xe0\xb0\xb6\x3c\x77\x32\x43\xa2\xbf\xbf\
\xbf\x29\x7b\x8a\xe7\xf3\x79\x27\x1f\x2e\x1c\x0e\xd3\xdb\x80\x67\
\x0c\x0d\xc9\x9c\x61\xdd\xfc\xfe\x4a\xbb\x97\x9a\x6b\x85\xf5\xb1\
\xc0\xd6\x79\x38\x70\x58\xaa\xcd\x21\x15\x4c\xd3\x8c\xc5\x62\x0d\
\x34\x3c\xb2\xd9\x6c\x3c\x1e\xaf\x3d\x80\xb2\x26\x1a\x8d\xca\xc7\
\x03\x3a\xb3\xdd\x9f\xa3\xbb\x27\x6d\xd8\x9a\x9e\x9e\xa6\xc9\x01\
\x6c\xd1\xa6\x81\x63\x5b\xa5\x52\x91\x0f\xd2\x4c\x26\x93\x19\x1c\
\x1c\x2c\x39\xbb\xc4\xa5\x61\x18\x91\x48\xe4\xde\x7b\xef\x0d\x85\
\x42\x4a\xa9\x40\x20\xb0\x7e\xc3\xae\x72\xb9\xbc\xb0\xb0\xa0\x94\
\xca\xe5\x72\xcf\x3f\xff\xfc\xdc\xdc\x5c\xa1\x50\xb8\xe9\xf1\xd5\
\x4d\x4e\x4e\x3a\x69\x81\x00\x7a\x29\x97\xd5\xe0\xa0\x5a\xbb\xbe\
\x71\x34\xaa\x12\x09\x65\xb7\xf8\xbc\x9b\x95\x4a\xa5\x3b\xee\xb8\
\xe3\xfa\xf5\xeb\xf2\x00\x00\xc7\x8e\x1e\x3d\x9a\x48\x24\xb6\x6f\
\xdf\x2e\x0f\xac\x91\x09\x44\x4b\x8b\x8b\x8b\x81\x40\x40\xbe\x74\
\xc7\x7c\x3e\x5f\xb5\x7d\x42\x9d\x30\x0c\xa3\x81\xde\x09\xa0\x8b\
\x95\x95\x4a\x20\xc0\xa4\x8d\xda\x46\x46\x46\x68\x72\x00\x5b\xb1\
\x69\x87\xc3\x1b\xeb\xc1\x02\x81\xc0\xe2\xe2\x62\x22\x91\x68\x2c\
\x37\x94\xcb\xe5\x6a\x7b\x69\xd4\xe6\xf3\xf9\xc6\xc6\xc6\xf2\xf9\
\xfc\xa6\x33\x58\x01\x7d\x19\x86\x4a\x26\x55\x3a\xad\x68\xd1\x55\
\xb7\x6f\xdf\x3e\x59\x02\xd0\x54\xde\x08\x1c\x96\x58\x2c\xb6\xb8\
\xb8\x18\x8f\xc7\x6d\x77\x23\x6d\xba\xe1\xe1\xe1\x7c\x3e\x3f\x3e\
\x3e\x6e\xbb\xe1\x3a\xe0\x25\x81\x80\x0a\x85\x64\x11\xeb\x0c\x0c\
\x0c\xec\xd8\xb1\x43\x56\x01\x34\x8f\x97\x02\x87\x35\xba\x71\xf2\
\xe4\x49\x87\x2b\x4a\x1a\x66\xad\x7c\x99\x9a\x9a\x6a\xac\xa1\x02\
\xc0\x73\xb8\xb4\x0a\xe0\x36\x8f\x05\x0e\x8b\xdf\xef\x9f\x9c\x9c\
\xcc\xe7\xf3\xf1\x78\x7c\x2b\x73\x3b\x04\x6b\xa9\xcb\xfc\xfc\xfc\
\xec\xec\xac\xc3\x75\x2b\x00\x3a\xc6\x23\x8f\x3c\x42\xe0\x00\xdc\
\xe3\x81\x55\x2a\x9b\x2a\x14\x0a\xa9\x54\xea\xa9\xa7\x9e\xb2\x56\
\xa0\xd4\x2b\x10\x08\x3c\xfc\xf0\xc3\x91\x48\x84\x90\x01\x74\xb9\
\x7b\xee\xb9\xe7\x85\x17\x5e\x90\x55\x00\x0e\x6c\xba\x4a\xa5\x13\
\x02\xc7\x9a\x62\xb1\x98\x4a\xa5\x8a\xc5\xe2\xe5\xcb\x97\xad\xf5\
\xae\x99\x4c\x46\xdc\x27\x14\x0a\x59\x8b\x56\xee\xbd\xf7\x5e\x6b\
\x0d\xad\x69\x9a\xe2\x3e\x00\xba\xd3\xa3\x8f\x3e\x3a\x31\x31\xd1\
\x49\x3f\x15\x81\x96\xe9\xae\xc0\x51\x4d\xa1\x50\x28\x97\xcb\x4d\
\x1c\x7c\x01\xd0\x91\xd8\x90\x03\x68\xd8\xa6\x81\xc3\x93\x73\x38\
\xea\x65\x9a\x26\x69\x03\xc0\xa6\x0c\xc3\xa0\xe5\x09\xb8\xa4\x2b\
\x02\x07\x00\x38\xf4\xd8\x63\x8f\x31\x75\x14\x70\x03\x81\x03\x00\
\xde\xc0\xe2\x58\xc0\x25\x04\x0e\x00\x78\x83\x61\x18\xfb\xf6\xed\
\x23\x73\x00\x4d\x47\xe0\x00\x80\x9b\x1c\x3a\x74\x48\x96\x00\x6c\
\x19\x81\x03\x00\x6e\xc2\xa8\x0a\xe0\x06\x02\x07\x00\xdc\x84\xb5\
\x2a\x80\x1b\x08\x1c\x00\x20\xd1\xe4\x00\x9a\x8e\xc0\x01\x00\x12\
\x8b\x63\x81\xa6\x23\x70\x00\x80\xc4\xa8\x0a\xd0\x74\x04\x0e\x00\
\xb0\xc1\xa8\x0a\xd0\x5c\x04\x0e\x00\xb0\xb1\x6f\xdf\x3e\x59\x02\
\xb0\x05\x04\x0e\x00\xb0\x31\x30\x30\xb0\x63\xc7\x0e\x59\x05\xd0\
\x28\x02\x07\x00\xd8\x63\x54\x05\x68\x22\x02\x07\x00\xd8\x1b\x18\
\x18\x90\x25\x00\x8d\x22\x70\x00\x80\x3d\x2e\xaa\x02\x34\x11\x81\
\x03\x00\xec\xb1\x38\x16\x68\x22\x02\x07\x00\x54\xc5\x34\x0e\xa0\
\x59\x08\x1c\x00\x50\x15\x8b\x63\x81\x66\x21\x70\x00\x40\x55\x4c\
\xe3\x00\x9a\x85\xc0\x01\x00\x55\x31\x8d\x03\x68\x16\x02\x07\x80\
\x46\x15\x0a\xea\xec\x59\x59\xec\x38\x4c\xe3\x00\x9a\x82\xc0\x01\
\xa0\x4e\xc5\xa2\x3a\x7b\x56\xf5\xf5\xa9\x9e\x1e\x75\xe4\x88\xca\
\xe5\xe4\x1d\x3a\x0b\xd3\x38\x80\xa6\x20\x70\x00\x70\xa6\x54\x52\
\xd3\xd3\x6a\x70\x50\xed\xdc\xa9\x8e\x1c\x51\x99\xcc\xeb\xf5\xa7\
\x9e\x12\x77\xec\x30\x4c\xe3\x00\x9a\x82\xc0\x01\xa0\xa6\x72\x59\
\x9d\x3f\xaf\x0e\x1e\x54\x3b\x77\xaa\x91\x11\x95\x4a\xc9\x3b\x4c\
\x4f\xcb\x4a\x67\x61\x1a\x07\xd0\x14\x04\x0e\x00\x55\x2c\x2d\xa9\
\x91\x11\xb5\x63\x87\x3a\x78\x50\x9d\x3f\xaf\xca\x65\x79\x07\x4b\
\xb1\xf8\x46\xb7\xa3\x43\x31\x8d\x03\xd8\x3a\x02\x07\x80\xea\xa6\
\xa7\xab\xe6\x8c\xf5\x9e\x7c\x52\x56\x3a\x0b\xd3\x38\x80\xad\x23\
\x70\x00\xa8\x22\x10\x50\xc1\xa0\x2c\xda\x4a\xa5\x1c\xe5\x12\xcf\
\x62\x1a\x07\xb0\x75\x04\x0e\x00\xd5\x3d\xfc\xb0\xac\xd8\x2a\x95\
\xd4\xc2\x82\x2c\x76\x10\xa6\x71\x00\x5b\x47\xe0\x00\x50\xdd\xd0\
\x90\xac\x54\x73\xe1\x82\xac\x74\x16\x9a\x1c\xc0\x16\x11\x38\x00\
\x54\x67\x9a\x2a\x14\x92\x45\x5b\x73\x73\xb2\xd2\x59\x76\xed\xda\
\x25\x4b\x00\xea\x41\xe0\x00\x50\xd3\xc0\x80\xac\xd8\x5a\x5a\x52\
\x85\x82\x2c\x76\x90\xa0\xc3\xe9\x2c\x00\xaa\x20\x70\x00\xa8\xc9\
\xf9\xa8\x4a\x47\x37\x39\x18\x52\x01\xb6\x88\xc0\x01\xa0\x26\xd3\
\x54\x0e\xe7\x4b\x3e\xf3\x8c\xac\x74\x10\xe6\x8d\x02\x5b\x44\xe0\
\x00\xb0\x99\x48\x44\x56\x6c\xcd\xcd\xb1\x38\x16\x40\x35\x04\x0e\
\x00\x9b\x79\xf0\x41\x59\xb1\x55\x2e\x77\xf6\xe2\x58\xe6\x8d\x02\
\x5b\x41\xe0\x00\xb0\x99\x70\x58\xf9\x7c\xb2\x68\xab\xa3\x17\xc7\
\x32\x6f\x14\xd8\x0a\x02\x07\x80\xcd\xf8\x7c\x2a\x1c\x96\x45\x5b\
\xcc\x1b\x05\x50\x05\x81\x03\x80\x03\x0e\x47\x55\x3a\x7a\x71\x2c\
\xf3\x46\x81\xad\x20\x70\x00\x70\xc0\xe1\xbc\x51\xa5\x54\x2e\x27\
\x2b\x1d\x84\x26\x07\xd0\x30\x02\x07\x00\x07\x9c\x2f\x8e\xbd\x78\
\x51\x56\x3a\x08\xf3\x46\x81\x86\x11\x38\x00\x38\xe3\xb0\xc9\x91\
\xc9\xc8\x4a\x07\x61\xde\x28\xd0\x30\x02\x07\x00\x67\xf6\xed\x93\
\x15\x5b\xb9\x5c\x07\xef\xc6\xc1\x90\x0a\xd0\x30\x02\x07\x00\x67\
\x1c\x2e\x54\x51\xaa\x83\x77\xe3\x30\x0c\x43\x96\x00\x38\x43\xe0\
\x00\xe0\x8c\x61\x38\x9d\xc6\xc1\xa8\x0a\x80\x0d\x08\x1c\x00\x1c\
\x73\xd8\xe4\xe8\xe8\x79\xa3\x86\x61\x30\xaa\x02\x34\x80\xc0\x01\
\xc0\x31\xe7\xd3\x38\x3a\xd7\x9e\x3d\x7b\x64\x09\x80\x03\x04\x0e\
\x00\x8e\x85\x42\xb2\x62\xab\x54\xea\xe0\xcc\xb1\xcf\x61\xea\x02\
\x70\x33\x02\x07\x00\xc7\x02\x01\xe5\x70\xd6\x64\xe7\x4e\xe3\x60\
\x48\x05\x68\x0c\x81\x03\x40\x3d\x1c\x4e\xe3\xf8\x8b\xbf\x90\x95\
\x4e\xc1\x90\x0a\xd0\x18\x02\x07\x80\x7a\x38\x1c\x50\xe8\xdc\x21\
\x15\xc3\x30\x58\x1c\x0b\x34\x80\xc0\x01\xa0\x1e\x0e\xa7\x71\x2c\
\x2d\x75\xf0\xf6\x5f\x5c\xc2\x0d\x68\x00\x81\x03\x40\x3d\x9c\xef\
\x42\xd1\xb9\x4d\x0e\xf6\x1b\x05\x1a\x40\xe0\x00\x50\x0f\x9f\xcf\
\x69\xe6\xe8\xdc\xfd\x46\x6f\xbf\xfd\x76\x59\x02\xb0\x19\x02\x07\
\x80\x3a\x05\x02\xb2\x62\xeb\xf9\xe7\x65\xa5\x53\xb0\xd9\x28\xd0\
\x00\x02\x07\x80\x3a\xdd\x7f\xbf\xac\xd8\xea\xdc\x0e\xc7\xae\x5d\
\xbb\x18\x52\x01\xea\x45\xe0\x00\x50\x27\x87\xbf\xdf\x2f\x2d\xc9\
\x4a\xa7\x60\xd2\x28\xd0\x80\x6d\x95\x4a\x45\xd6\x00\x74\xa5\x62\
\xb1\xb8\xb4\xb4\xa4\x94\x5a\x58\x58\x28\x97\xcb\x57\xae\x5c\xb1\
\xfe\x69\x31\x4d\x73\xd7\xae\x5d\x4a\xa9\x7f\xfe\x63\x3f\xf6\xc0\
\xcf\xfc\xcc\x4d\x8f\xac\x26\x9b\x75\x9a\x4e\xbc\x66\xfb\xf6\xed\
\xd7\xaf\x5f\x97\x55\xa0\x8b\x1d\x3d\x7a\x34\x91\x48\x6c\xdf\xbe\
\x5d\x1e\xb8\x81\xc0\x01\x74\xbb\x42\xa1\x90\x4a\xa5\x2e\x5c\xb8\
\x90\x71\xbc\x3d\x68\x5e\x29\x47\xbf\xe3\x4f\x4d\xa9\xe1\x61\x59\
\xec\x08\xf7\xdc\x73\xcf\x0b\x2f\xbc\x20\xab\x40\x17\xdb\x34\x70\
\x30\xa4\x02\x74\xa9\xa5\xa5\xa5\xd3\xa7\x4f\xf7\xf6\xf6\xf6\xf4\
\xf4\x8c\x8e\x8e\x3a\x4f\x1b\x4a\x29\xa7\x0b\x5e\x2f\x5d\x92\x95\
\x4e\x61\x9a\x26\xd3\x38\x80\xba\x10\x38\x80\xae\x93\xc9\x64\x7a\
\x7b\x7b\x77\xef\xde\x7d\xe2\xc4\x89\x5c\x43\xbb\x65\x38\xcd\x11\
\x0d\x3d\xb9\x27\x58\xa3\x4b\x00\x9c\x23\x70\x00\x5d\x64\x69\x69\
\xe9\xc0\x81\x03\x7d\x7d\x7d\x8d\xe5\x8c\x35\x4e\x1f\xbc\xb5\x8f\
\xa2\x33\x76\x37\x07\xea\x45\xe0\x00\xba\x42\xb1\x58\x3c\x72\xe4\
\xc8\xee\xdd\xbb\xe7\xe6\xe6\xe4\xb1\xfa\x39\xcd\x11\xa5\x92\x2a\
\x95\x64\xb1\x23\xb0\xf7\x17\x50\x2f\x02\x07\xd0\xf9\x4e\x9e\x3c\
\xd9\xd3\xd3\x73\xf6\xec\x59\x79\xa0\x51\x05\xa5\x8a\xb2\x66\xef\
\x37\x0e\x1f\x2e\x77\xe2\x45\x55\xd8\xfb\x0b\xa8\x17\xab\x54\x80\
\x4e\x56\x2e\x97\x0f\x1e\x3c\x98\x4a\xa5\xe4\x81\x2a\x0c\xc3\x08\
\x06\x83\x6b\x2b\x60\xc3\xeb\x2e\x46\x9f\xcb\xe5\x4a\xa5\x92\xb5\
\x56\x76\x69\x69\x29\x59\x2c\x3a\xb9\x8c\xdb\x11\xa5\x16\x82\xc1\
\x64\x32\xd9\x61\x7b\x57\x5c\xbc\x78\x71\xff\xfe\xfd\xac\x8c\x05\
\xd6\x6c\xba\x4a\x45\x55\x00\x74\xa8\x7c\x3e\xef\xf0\x17\x71\xbf\
\xdf\x1f\x8d\x46\x93\xc9\xa4\x7c\x8a\xea\xfe\xee\xfd\xef\xaf\x28\
\xb5\xe9\x6d\xfc\xc6\xf3\x67\xb3\x59\xf9\x14\x5e\xb6\xb2\xb2\x72\
\xcb\x2d\x74\x88\x81\x37\x1c\x3d\x7a\xf4\xda\xb5\x6b\xf2\x5b\x65\
\x1d\xbe\x61\x80\xce\xb4\xb0\xb0\xb0\x77\xef\xde\xda\x93\x43\x7d\
\x3e\x5f\x34\x1a\x9d\x9f\x9f\x5f\x5e\x5e\x9e\x9c\x9c\x8c\x44\x22\
\xf2\x1e\xd5\xdd\xf9\xde\xf7\xca\x92\x1d\xeb\xb2\x2b\xc5\x62\x71\
\xef\xde\xbd\xe7\xcf\x9f\x97\x87\x01\x74\x0d\x02\x07\xd0\x81\xce\
\x9f\x3f\xdf\xd7\xd7\x57\x2c\xd6\x9a\x68\x31\x34\x34\x94\xcf\xe7\
\x27\x27\x27\x43\x21\x27\x63\x23\x1b\x38\xbb\x84\xdb\xda\x9d\xac\
\xc1\x9d\x93\x27\x4f\xde\x7c\xdc\xab\x0c\xc3\x60\xa1\x0a\x50\x17\
\x02\x07\xd0\x69\xce\x9f\x3f\x7f\xf0\xe0\xc1\x1a\x53\x35\xc3\xe1\
\x70\x36\x9b\x9d\x99\x99\xf1\xfb\xfd\xf2\x98\x73\x75\x06\x0e\xcb\
\xa9\x53\xa7\x46\x47\x47\x6f\xae\x79\x55\x87\xcd\x4a\x01\xdc\x46\
\xe0\x00\x3a\xca\xc2\xc2\xc2\xc8\xc8\x88\xac\xde\x60\x18\xc6\xec\
\xec\x6c\x3a\x9d\x76\x38\xb7\xa3\x16\xd3\x54\x3e\x9f\x2c\xda\x11\
\x99\x63\x62\x62\x62\x7a\x7a\xfa\xe6\x9a\x27\x19\x86\xc1\x66\xa3\
\x80\x73\x04\x0e\xa0\x73\x14\x8b\xc5\xc1\xc1\xc1\x6a\xbd\x8d\x40\
\x20\x30\x3f\x3f\xdf\xdf\xdf\x2f\x0f\x34\xac\xa1\x26\x87\x52\xea\
\xc8\x91\x23\x0b\xde\xbf\x78\x3d\x9b\x8d\x02\x75\x21\x70\x00\x1d\
\xa2\x5c\x2e\x0f\x0e\x0e\x56\x9b\xb7\x11\x0e\x87\xe7\xe7\xe7\x03\
\xce\x22\x82\x53\xce\x9e\x6d\xe3\x9d\xac\xf9\x1c\xd5\x5e\xaa\x57\
\x30\x87\x03\xa8\x0b\x81\x03\xe8\x10\xa3\xa3\xa3\xd5\xda\x06\xc3\
\xc3\xc3\xb3\xb3\xb3\xcd\x3f\x41\xde\x7b\xaf\xac\xd8\xb1\xed\x03\
\x14\x0a\x85\x1a\xcd\x18\x00\x9d\x87\xc0\x01\x74\x82\xe9\xe9\xe9\
\x6a\x1b\x89\x46\xa3\xd1\xa9\xa9\x29\x9f\xb3\xf9\x16\xf5\xa9\xd1\
\xe1\xf0\xfb\x55\x38\xac\x22\x11\x15\x8f\xdf\x7d\xf0\xa0\x3c\xaa\
\x94\x35\xdd\xc4\xd3\x13\x48\xd9\xdd\x1c\xa8\x0b\x3b\x8d\x02\x9e\
\x57\x2c\x16\x7b\x7b\x7b\x6d\x47\x28\x42\xa1\x50\x3a\x9d\x76\x25\
\x6d\x58\xd7\x66\x3b\x78\x50\xf9\xfd\xca\x34\xd5\xae\x5d\xca\x34\
\x95\x69\x2a\xbf\x7f\x63\x10\x19\x19\x19\xa9\x36\x51\x34\x9b\xcd\
\x36\x61\x06\x6b\x3b\x3c\xf1\xc4\x13\xa3\xa3\xa3\xfc\x08\x05\x2c\
\x9b\xee\x34\x4a\x87\x03\xf0\xbc\xc7\x1f\x7f\xdc\x36\x6d\x98\xa6\
\x99\x4c\x26\xdd\x4a\x1b\x4a\xa9\x60\x50\x2d\x2e\xaa\x74\x5a\x4d\
\x4d\xa9\x93\x27\xd5\xf0\xb0\x0a\x87\x37\xa6\x0d\xa5\x54\x8d\xdd\
\x3e\x4e\x9d\x3a\x25\x4b\x1e\xd1\xfc\x21\x2a\xa0\xa3\x11\x38\x00\
\x6f\x2b\x16\x8b\xb6\x83\x29\x3e\x9f\x6f\xab\x3b\x6d\x34\x8f\xcf\
\xe7\x4b\x26\x93\xb6\x2f\x26\x95\x4a\x39\xbf\xd4\x8b\x56\x08\x1c\
\x40\x5d\x08\x1c\x80\xb7\x9d\x3a\x75\xca\x76\xea\x65\x8d\xa6\x42\
\x5b\xf8\xfd\xfe\x64\x32\x29\xab\x4a\x79\xb7\xc9\xc1\x3e\x1c\x40\
\x5d\x08\x1c\x80\x87\xe5\x72\x39\xdb\xf6\x46\x30\x18\x1c\x1e\x1e\
\x96\xd5\x76\x0b\x85\x42\xb1\x58\x4c\x56\x95\xca\xe5\x72\x5e\x6c\
\x72\x30\x69\x14\xa8\x0b\x81\x03\xf0\xb0\x6a\xbd\x81\x44\x22\x21\
\x4b\x7a\x38\x7e\xfc\xb8\xed\x9c\x92\xd1\xd1\x51\xdb\x3e\x8d\xce\
\x18\x52\x01\xea\x42\xe0\x00\xbc\xaa\x50\x28\xd8\x36\x06\x22\x91\
\x48\x38\x1c\x96\x55\x3d\xf8\xfd\xfe\x68\x34\x2a\xab\xd5\xdf\x8b\
\xce\x08\x1c\x40\x5d\x08\x1c\x80\x57\x55\xbb\xda\x7b\x3c\x1e\x97\
\x25\x9d\x8c\x8f\x8f\xdb\xce\x1e\x7d\xe6\x99\x67\x64\x49\x6f\x04\
\x0e\xa0\x2e\x04\x0e\xc0\xab\x6c\xcf\xd0\xd1\x68\x54\xf3\x6d\x2d\
\x7c\x3e\xdf\xf1\xe3\xc7\x65\x55\xa9\x54\x2a\xc5\xa8\x0a\xd0\xc1\
\x08\x1c\x80\x27\x15\x8b\xc5\x4c\x26\x23\xab\x4a\x3d\xfc\xf0\xc3\
\xb2\xa4\x1f\xdb\x09\xad\xa5\x52\xa9\xda\xd6\xec\x00\x3a\x00\x81\
\x03\xf0\xa4\xb9\xb9\x39\x59\x52\xca\x30\x0c\x6d\x67\x6f\xac\x57\
\xed\x75\x3e\xf5\xd4\x53\xb2\xa4\x37\x3a\x1c\x80\x73\x04\x0e\xc0\
\x93\x6c\xcf\xcd\x91\x48\x44\x96\x74\x35\x30\x30\x20\x4b\x55\x52\
\x14\x80\xce\x40\xe0\x00\xbc\xa7\x5c\x2e\xdb\x8e\xa7\x3c\xf8\xe0\
\x83\xb2\xa4\x2b\xdb\x6c\x54\x28\x14\x18\x55\x01\x3a\x15\x81\x03\
\xf0\x9e\x85\x85\x85\x8d\xf3\x2b\x7d\x3e\x9f\xed\x59\x5c\x4f\xa6\
\x69\x06\xec\xae\xba\x92\xcb\xe5\x64\x09\x40\x47\x20\x70\x00\xde\
\x63\x7b\xa9\xb6\x50\x28\x64\xbb\xa7\x96\xb6\xfa\xfb\xfb\x65\xa9\
\xca\x5b\x03\xd0\x01\x08\x1c\x80\xf7\xd8\x9e\x95\x4d\xd3\x94\x25\
\xbd\xed\xda\xb5\x4b\x96\x94\xba\x7c\xf9\xb2\x2c\x69\x8c\x49\xa3\
\x80\x73\x04\x0e\xc0\x7b\xae\x5c\xb9\x22\x4b\x55\xce\xdf\x3a\xb3\
\xdd\xfe\xcb\x36\x4b\x01\xe8\x00\x04\x0e\xc0\x7b\x6c\xcf\xca\xb6\
\xe7\x6f\x9d\xd9\xbe\x60\xdb\xb7\x06\xa0\x03\x10\x38\x00\xef\x29\
\x14\x0a\xb2\x54\xe5\xfc\xad\x33\xdb\x31\x20\x02\x07\xd0\xa9\x08\
\x1c\x80\xf7\xd8\x9e\x95\x3d\x17\x38\x6c\x5f\xb0\xed\x5b\x03\xd0\
\x01\x08\x1c\x80\xf7\x94\x4a\x25\x59\xaa\x72\xfe\xd6\x99\xcf\xe7\
\xb3\x9d\x74\x69\xdb\xbf\x01\xe0\x75\x04\x0e\xc0\x7b\x6c\x97\xbf\
\xda\xa6\x10\xcd\xd9\xbe\x66\x0f\x25\x27\xc3\x30\xb6\x6d\xdb\x26\
\xab\x00\xec\x10\x38\x00\xef\xe9\x8c\xd9\x0f\xb6\x2f\xd8\x30\x0c\
\xdb\x38\x05\xc0\xeb\x08\x1c\x80\xf7\xd8\xf6\x00\x6c\xcf\xdf\x3a\
\xb3\x7d\xc1\xb6\x6f\x0d\x40\x07\x20\x70\x00\xde\x63\x7b\x56\xf6\
\xdc\xd4\x07\x02\x07\xd0\x55\x08\x1c\x80\xf7\xdc\x75\xd7\x5d\xb2\
\x54\x65\x37\x30\x9d\xd9\x06\x0e\xdb\xd1\x22\x6d\x95\x4a\xa5\x4a\
\xa5\x22\xab\x00\xec\x10\x38\x00\xef\xb1\x6d\x03\xd8\x9e\xbf\x75\
\x66\xdb\x92\xb1\x7d\x6b\xda\xb2\x9d\xf4\x0a\xc0\x16\x81\x03\xf0\
\x1e\xdb\x36\x80\xed\x05\xeb\x75\x76\xf1\xe2\x45\x59\xaa\xd2\xbc\
\x01\xd0\x01\x08\x1c\x80\xf7\xd8\x06\x8e\x52\xa9\xe4\xa1\xcc\x51\
\x2a\x95\x16\x16\x16\x64\x55\x29\xdb\x6b\xd6\x6b\x8b\x0e\x07\xe0\
\x1c\x81\x03\xf0\x1e\xd3\x34\x43\xa1\x90\xac\x2a\xf5\xcc\x33\xcf\
\xc8\x92\xae\xe6\xe6\xe6\xca\xe5\xb2\x28\xfa\x7c\xbe\x70\x38\x2c\
\x8a\x00\x3a\x03\x81\x03\xf0\xa4\x07\x1f\x7c\x50\x96\x94\x4a\xa5\
\x52\xb2\xa4\xab\x0b\x17\x2e\xc8\x92\x52\x91\x48\xc4\x5b\x9b\x70\
\xd0\xe1\x00\x9c\x23\x70\x00\x9e\x34\x34\x34\x24\x4b\x4a\x2d\x2d\
\x2d\xd9\xce\xc4\xd4\x4d\xb9\x5c\x9e\x9b\x9b\x93\xd5\x2a\x29\x0a\
\x40\x67\x20\x70\x00\x9e\x14\x08\x04\x6c\x67\x72\x9c\x3f\x7f\x5e\
\x96\xf4\x33\x37\x37\xb7\xb1\x37\xe0\xf3\xf9\x22\x91\x88\x28\xea\
\x6c\xe3\x5b\x00\x50\x03\x81\x03\xf0\x2a\xdb\x26\xc7\x13\x4f\x3c\
\xa1\xff\x89\xf0\xd4\xa9\x53\xb2\xa4\x54\x28\x14\xb2\xbd\x96\x9b\
\xb6\xf4\xff\x3c\x03\x5a\x21\x70\x00\x5e\x65\x3b\x00\x51\x2c\x16\
\x6d\x4f\xe7\xfa\x48\xa5\x52\xb9\x5c\x4e\x56\x95\x7a\xf8\xe1\x87\
\x65\x09\x40\x07\x21\x70\x00\x5e\x15\x0e\x87\x83\xc1\xa0\xac\x2a\
\x75\xf6\xec\x59\x6d\x37\x01\x2b\x97\xcb\x47\x8e\x1c\x91\x55\x0f\
\x8e\xa7\xd0\xe1\x00\xea\x45\xe0\x00\x3c\x2c\x1e\x8f\xcb\x92\x52\
\xe5\x72\xf9\xc4\x89\x13\xb2\xaa\x87\x6a\x61\x28\x16\x8b\x79\x6b\
\x8f\x51\xa5\xd4\xcb\x2f\xbf\x2c\x4b\x00\xaa\x23\x70\x00\x1e\x16\
\x89\x44\x6c\x9b\x1c\xd3\xd3\xd3\xb6\xc3\x16\xed\x55\x2a\x95\x1e\
\x7f\xfc\x71\x59\x55\xca\xef\xf7\xdb\x26\x27\x00\x9d\x84\xc0\x01\
\x78\x5b\x22\x91\x90\x25\xa5\x94\x52\x83\x83\x83\x5a\xf4\xfc\x8b\
\x45\x95\xc9\x58\xb7\xb3\xe1\x70\xc8\xae\xbd\x71\xfc\xf8\x71\x6f\
\x6d\xbf\x61\x29\x14\x0a\x5c\xb9\x0d\x70\x8e\xc0\x01\x78\x5b\x38\
\x1c\xb6\x9d\xfd\x50\x28\x14\x0e\x1e\x3c\x28\xab\xee\x59\x58\x50\
\x7d\x7d\xaf\xdf\x76\xef\x56\xdb\xb6\xbd\x7e\xdb\xb9\x73\xad\x3e\
\x76\xe9\xd2\x21\xf9\x30\xe5\xf7\xfb\xa3\xd1\xa8\xac\x7a\x81\x16\
\x79\x0e\xf0\x0e\x02\x07\xe0\x79\xd5\xc6\x23\xe6\xe6\xe6\x5a\x37\
\x99\xa3\x5c\x5e\xeb\x64\xa8\xa5\x25\x79\xf4\x86\x8d\xcb\x5e\x27\
\x27\x27\xbd\xd8\xde\x00\x50\x2f\x02\x07\xe0\x79\xc1\x60\xd0\x76\
\x4f\x0e\xa5\xd4\xe9\xd3\xa7\x5b\xb4\xdf\xb9\xb3\x29\x9f\x22\x70\
\x84\x42\x21\xdb\xf6\x8c\x27\x5c\xba\x74\x49\x96\x00\x54\x47\xe0\
\x00\x3a\xc1\xd4\xd4\x54\xb5\xeb\xac\x1e\x3c\x78\xd0\x76\x1f\xf1\
\x26\x73\xd6\xa5\x58\x1f\x38\x0c\xc3\x98\x99\x99\x59\x57\xf0\x18\
\x86\x54\x80\xba\x10\x38\x80\x4e\xe0\xf3\xf9\x66\x67\x67\x6d\x77\
\xea\x2c\x97\xcb\x07\x0e\x1c\x98\x98\x98\x90\x07\x9a\xab\xfe\x0e\
\x47\x32\x99\xb4\xdd\x9d\x1d\x40\x47\x22\x70\x00\x1d\xc2\x34\xcd\
\x1a\x0d\x83\xd1\xd1\xd1\x23\x47\x8e\x6c\xbc\x22\x7c\xd3\xd4\xd9\
\xe1\x48\x24\x12\x5e\xbf\x12\xfd\xe5\xcb\x97\x59\xa5\x02\x38\x47\
\xe0\x00\x3a\x47\x7f\x7f\xff\xf8\xf8\xb8\xac\xde\x70\xf6\xec\xd9\
\x03\x07\x0e\xb8\x38\x10\xe0\xb8\xc9\x31\x34\x34\x14\x8b\xc5\xe4\
\x01\xaf\x71\xf1\x33\x09\x74\x22\x02\x07\xd0\x51\xc6\xc6\xc6\x6a\
\x4c\xc3\xcc\x64\x32\xbb\x77\xef\x76\x6b\x78\xc5\x59\x93\xe3\x27\
\x7e\xe4\x47\xa6\xa6\xa6\x64\xd5\x83\x08\x1c\x40\x5d\x08\x1c\x40\
\xa7\x99\x99\x99\xa9\x91\x39\x8a\xc5\xe2\xe8\xe8\x68\x4f\x4f\x4f\
\xd3\x57\xaf\x7c\xef\xad\x6f\x95\x25\x3b\x9f\xfa\xcd\xdf\xec\x8c\
\x75\xb0\x04\x0e\xa0\x2e\x04\x0e\xa0\xd3\xf8\x7c\xbe\x64\x32\x59\
\x7b\xcc\xa2\x50\x28\x0c\x0e\x0e\xee\xdd\xbb\xb7\x29\x0b\x58\x96\
\x96\x96\x06\x07\x07\xbf\xfc\xf5\xaf\xcb\x03\x76\xfe\xbf\x7f\xf0\
\x0f\x64\xc9\x83\x0a\x85\x82\x2c\x01\xa8\x89\xc0\x01\x74\xa6\x44\
\x22\x31\x33\x33\x53\xbb\x97\xb0\xb0\xb0\x70\xe0\xc0\x81\x9d\x3b\
\x77\x1e\x39\x72\xa4\x81\x86\xc7\xc2\xc2\x82\xd5\x2c\xd9\xbd\x7b\
\x77\x2a\x95\xb2\xd9\xb4\xdc\x56\x47\x34\x06\x68\x6f\x00\xf5\xda\
\xc6\x2c\x6b\xa0\x83\x2d\x2c\x2c\x0c\x0e\x0e\xda\x5e\xa0\x75\x23\
\xc3\x30\xfa\xfb\xfb\xf7\xec\xd9\x13\x0a\x85\x94\x52\x81\x40\x60\
\xfd\x15\x5c\xcb\xe5\xf2\xc2\xc2\x82\x52\x2a\x97\xcb\x3d\xff\xfc\
\xf3\xa9\x54\x4a\x3c\xed\x94\x52\xc3\xeb\xff\x5d\xcd\xd4\x94\x1a\
\x76\x74\x47\x9d\x5d\xbc\x78\x71\xff\xfe\xfd\xd7\xaf\x5f\x97\x07\
\x80\x6e\x75\xf4\xe8\xd1\x44\x22\xb1\x7d\xfb\x76\x79\x60\x4d\x05\
\x40\x47\xcb\xe7\xf3\x56\x80\x68\x8c\xcf\xe7\x73\x78\xe1\xf8\x71\
\xa5\x2a\x4e\x6e\x89\x84\x7c\x89\x1e\x34\x3d\x3d\xbd\x6d\xdb\x36\
\xf9\x29\x00\xba\xd8\xd1\xa3\x47\xaf\x5d\xbb\x26\xbf\x55\xd6\x61\
\x48\x05\xe8\x70\xa6\x69\xce\xcf\xcf\x4f\x4d\x4d\x39\xcc\x0d\x42\
\xb9\x5c\x76\xd8\x20\xf9\xbe\x2c\x54\xd1\x11\x83\x11\x0c\xa9\x00\
\xf5\x22\x70\x00\x5d\x61\x78\x78\x38\x9f\xcf\x8f\x8f\x8f\xdb\xee\
\x46\xda\x14\x8e\x52\x89\x52\xea\xca\x15\x59\xf1\x20\x2e\xa4\x02\
\xd4\x8b\xc0\x01\x74\x0b\x9f\xcf\x37\x36\x36\x96\xcf\xe7\x6b\x2f\
\x60\x69\x98\xd3\x4d\x4c\xdd\xdb\xed\xb4\x85\xe8\x70\x00\xf5\x22\
\x70\x00\xdd\xc5\x30\x8c\x44\x22\x91\xcf\xe7\x13\x89\x44\x30\x18\
\x94\x87\x1b\x15\x08\x04\x7e\xec\xfd\xef\x97\x55\x5b\xce\x06\x68\
\x34\x77\xe9\xd2\x25\x66\xdc\x03\x75\x21\x70\x00\xdd\xc8\x34\xcd\
\x58\x2c\x96\xcd\x66\xf3\xf9\xfc\xe4\xe4\x64\xc3\x97\x35\x09\x06\
\x83\xf1\x78\x7c\x71\x71\x71\x71\x71\xf1\x17\x7f\xf1\x17\xe5\x61\
\x5b\x1d\xd1\xe1\x00\x50\x2f\x96\xc5\x02\x50\xd6\x0e\xa4\xd6\x4a\
\xd7\xcb\x97\x2f\x5b\xbb\x5a\x65\x32\x19\x71\x9f\x50\x28\x64\x2d\
\x5a\xb9\xf7\xde\x7b\x0d\xc3\x88\x44\x22\x37\x5d\xee\xb5\x50\x50\
\x3d\x3d\xeb\xef\x6f\x2f\x10\x50\x8b\x8b\xb2\xe8\x29\xa5\x52\xe9\
\x8e\x3b\xee\x60\x4d\x2c\xb0\xde\xa6\xcb\x62\x09\x1c\x00\x6a\x29\
\x14\x0a\xe5\x72\x39\x10\x08\xc8\x03\x1b\x39\x0c\x1c\xa6\xa9\xf2\
\x79\x59\xf4\x94\x5c\x2e\xf7\xee\x77\xbf\x9b\xc0\x01\xac\xb7\x69\
\xe0\x60\x48\x05\x40\x2d\xa6\x69\x3a\x4a\x1b\x56\x92\x70\xc2\xfb\
\x73\x38\x5e\x7e\xf9\x65\x59\x02\xb0\x19\x02\x07\x80\xd6\xf2\xfe\
\x1c\x8e\x42\xa1\x40\x6f\x18\xa8\x17\x81\x03\x40\xf3\x74\x47\x93\
\x83\x35\xb1\x40\x03\x08\x1c\x00\x5a\xce\xe3\x4d\x0e\x76\xfd\x02\
\x1a\x40\xe0\x00\xd0\x3c\x0d\xed\x9e\xee\x39\x74\x38\x80\x06\x10\
\x38\x00\x34\x8f\xcf\x27\x2b\xb6\x0a\x05\x59\xf1\x14\x76\xfd\x02\
\x1a\x40\xe0\x00\x00\x00\xae\x23\x70\x00\x68\x1e\x87\x93\x46\xbd\
\x3c\x87\xa3\x50\x28\x58\x1b\xa3\x01\xa8\x0b\x81\x03\x40\xcb\x79\
\x79\x95\xca\xe5\xcb\x97\x65\x09\x80\x03\x04\x0e\x00\xcd\xe3\x70\
\x0e\x87\x97\xb1\x09\x07\xd0\x18\x02\x07\x80\xe6\xb9\xeb\x2e\x59\
\xb1\xe5\xe5\x55\x1e\x8c\xa7\x00\x8d\x21\x70\x00\x68\x39\x2f\x07\
\x0e\x36\xe1\x00\x1a\x43\xe0\x00\xd0\x3c\x86\x21\x2b\x1d\x87\x35\
\xb1\x40\x63\x08\x1c\x00\x9a\xc7\x61\xe0\xb8\x72\x45\x56\xbc\x83\
\x5d\xbf\x80\xc6\x10\x38\x00\xb4\x9c\x67\x97\xc5\x16\x0a\x05\x02\
\x07\xd0\x18\x02\x07\x80\xe6\xe9\xf4\xad\xcd\x59\x13\x0b\x34\x8c\
\xc0\x01\xa0\x79\x1c\x2e\x8b\xf5\xec\x42\x8f\x5c\x2e\xc7\x04\x0e\
\xa0\x31\x04\x0e\x00\x70\x8a\x0e\x07\xd0\x30\x02\x07\x80\xe6\xe9\
\xf4\xad\xcd\xd9\x84\x03\x68\x18\x81\x03\x40\xcb\x79\x76\x6b\x73\
\xd6\xc4\x02\x0d\x23\x70\x00\x68\x1e\x87\xcb\x62\x3d\x8b\x0e\x07\
\xd0\x30\x02\x07\x80\xe6\x71\x18\x38\xbc\xb9\xb2\x34\x97\xcb\xc9\
\x12\x00\xc7\x08\x1c\x00\x5a\xce\x9b\x81\xe3\xf2\xe5\xcb\x8c\xa7\
\x00\x0d\x23\x70\x00\x68\xaa\xce\xdd\x8a\x83\xf1\x14\x60\x2b\x08\
\x1c\x00\x9a\xca\xe1\x56\x1c\x1e\x9c\x37\x7a\xf1\xe2\x45\x59\x02\
\xe0\x18\x81\x03\x40\x3b\x78\x70\x65\x2c\x4b\x54\x80\xad\x20\x70\
\x00\x68\x2a\x87\x5b\x71\x78\x10\x57\x51\x01\xb6\x82\xc0\x01\xa0\
\x1d\xbc\x36\x1f\x22\x97\xcb\x11\x38\x80\xad\x20\x70\x00\x68\x2a\
\x87\x73\x38\xbc\x86\x25\x2a\xc0\x16\x11\x38\x00\x34\x95\xc3\x55\
\x2a\x5e\x9b\x34\xca\x12\x15\x60\x8b\x08\x1c\x00\xda\xc1\x6b\x93\
\x46\x59\xa2\x02\x6c\x11\x81\x03\x80\xcb\x7c\x3e\x15\x0e\xdf\x74\
\x1b\x1b\x53\xc1\xa0\xbc\x9b\xde\x58\xa2\x02\x6c\xd1\x36\xbe\x85\
\x00\x34\xd3\xd2\x92\x2a\x97\x3d\x97\x27\x36\x75\xc7\x1d\x77\x5c\
\xbd\x7a\x55\x56\x01\xdc\x70\xf4\xe8\xd1\x44\x22\xb1\x7d\xfb\x76\
\x79\xe0\x06\x3a\x1c\x00\x9a\x2a\x10\xe8\xbc\xb4\xc1\x12\x15\x60\
\xeb\x08\x1c\x00\xb0\x09\x96\xa8\x00\x5b\x47\xe0\x00\x80\x4d\xb0\
\x44\x05\xd8\x3a\x02\x07\x00\x6c\x82\x25\x2a\xc0\xd6\x11\x38\x00\
\x60\x13\x2c\x51\x01\xb6\x8e\xc0\x01\x00\xb5\x94\x4a\x25\x86\x54\
\x80\xad\x23\x70\x00\x40\x2d\x97\x2e\x5d\x92\x25\x00\xf5\x23\x70\
\x00\x40\x2d\xb9\x5c\x8e\xf1\x14\x60\xeb\x08\x1c\x00\x50\x0b\x1d\
\x0e\xa0\x29\x08\x1c\x00\x50\x0b\x5b\x7e\x01\x4d\x41\xe0\x00\x80\
\x5a\x58\xa2\x02\x34\x05\x81\x03\x00\xaa\xca\xe5\x72\x2c\x51\x01\
\x9a\x82\xc0\x01\x00\x55\xb1\xa9\x39\xd0\x2c\x04\x0e\x00\xa8\x8a\
\xf6\x06\xd0\x2c\x04\x0e\x00\xa8\x8a\x4d\xcd\x81\x66\x21\x70\x00\
\x40\x55\xcc\x18\x05\x9a\x85\xc0\x01\x00\xf6\xd8\xd4\x1c\x68\x22\
\x02\x07\x00\xd8\x63\xcb\x2f\xa0\x89\x08\x1c\x00\x60\x8f\x4d\xcd\
\x81\x26\x22\x70\x00\x80\x3d\x66\x8c\x02\x4d\x44\xe0\x00\x00\x7b\
\xcc\x18\x05\x9a\x88\xc0\x01\x00\xf6\x98\x31\x0a\x34\xd1\x36\xf2\
\x7b\xd7\xb2\xbd\x24\x95\x28\x5a\xff\x34\x0c\xc3\xfa\xa7\xf5\x97\
\xb5\x7f\x02\x1d\x2c\x97\xcb\xbd\xfb\xdd\xef\xbe\x7e\xfd\xba\x3c\
\x00\xc0\xce\xd1\xa3\x47\x13\x89\xc4\xf6\xed\xdb\xe5\x81\x1b\x08\
\x1c\xde\x56\xba\xc1\xfa\x55\xcc\xfa\xbb\xb5\x1f\xf3\xfa\xa3\x6b\
\xd1\x41\xfc\x73\x8b\xd6\xe7\x0f\xeb\x4f\xd3\x34\xad\xbf\xef\xda\
\xb5\xcb\xfa\xa7\xb1\x8e\x75\x14\xf0\x84\x27\x9f\x7c\x72\x64\x64\
\x84\x9f\x90\x80\x43\x04\x0e\xaf\x5a\xcb\x0a\x85\x42\xc1\xfa\x8b\
\x95\x21\xd6\xfe\xb9\x46\x3e\x52\x7b\xa6\x69\x5a\x41\x64\xcf\x9e\
\x3d\x4a\xa9\x70\x38\xbc\xf6\x27\xa0\x8f\xc3\x87\x0f\x4f\x4f\x4f\
\xf3\x13\x12\x70\x88\xc0\xa1\x2f\x2b\x2b\x14\x6e\x28\x95\x4a\x2f\
\xbf\xfc\x72\x2e\x97\x5b\x0b\x19\xf2\x01\x5d\xc0\x34\xcd\x60\x30\
\x68\x35\x48\xc2\xe1\xb0\x15\x4d\xe4\x9d\x80\x96\x78\xe8\xa1\x87\
\x52\xa9\x14\x3f\x21\x01\x87\x08\x1c\xed\x67\x05\x08\xcb\xe5\xcb\
\x97\xad\x48\xe1\xdd\xfe\x44\xeb\x45\x22\x11\xab\x1d\x12\x0c\x06\
\x69\x84\xa0\x65\xee\xb9\xe7\x9e\x17\x5e\x78\x41\x56\x01\x54\x41\
\xe0\x68\x1d\xdb\x60\xd1\xb5\xbd\x0a\xf7\x58\x5d\x90\xb5\xfc\xc1\
\x0c\x56\xb8\x81\x19\xa3\x40\xbd\x08\x1c\xae\xb0\x92\x44\x2e\x97\
\x13\xd9\x42\xde\x0f\xee\x33\x4d\x33\x1c\x0e\xef\xdb\xb7\xcf\x6a\
\x84\xc8\xc3\x40\x43\x2e\x5c\xb8\x30\x38\x38\xc8\x8f\x47\xc0\x39\
\x02\x47\x13\x58\x4d\x8b\x5c\x2e\x67\x65\x0b\xeb\x9f\xf2\x4e\xd0\
\x80\x61\x18\x56\xf8\x08\x87\xc3\xc1\x60\x50\x1e\x06\x1c\x7b\xe2\
\x89\x27\x46\x47\x47\xf9\xf1\x08\x38\x47\xe0\xa8\xcf\xfa\x61\x91\
\x4b\x97\x2e\x59\xf1\x82\x31\x11\x2f\x32\x0c\x63\x78\x78\x78\x60\
\x60\x80\x69\x1f\x68\x00\x33\x46\x81\x7a\x11\x38\x6a\x59\x8b\x17\
\xb9\x5c\xee\xe2\xc5\x8b\x4c\xb9\xe8\x54\x91\x48\x64\x60\x60\x60\
\x78\x78\x58\x1e\x00\xaa\x60\xc6\x28\x50\x2f\x02\xc7\x4d\x4a\xa5\
\x52\x2e\x97\xb3\x06\x47\x32\x99\x0c\xf1\xa2\xdb\x44\x22\x11\x6b\
\xb6\x07\xab\x6d\x51\x43\xa9\x54\xba\xe3\x8e\x3b\x98\x31\x0a\xd4\
\xa5\xab\x03\xc7\xc6\x06\x46\x2e\x97\x93\x77\x42\x57\xa2\xe7\x81\
\x1a\x2e\x5e\xbc\xd8\xd7\xd7\xd7\xc1\x3f\x1b\x01\x37\x74\x57\xe0\
\xb0\x12\x46\x26\x93\xa1\x81\x01\x87\x62\xb1\xd8\xb1\x63\xc7\x68\
\x78\x60\x3d\x66\x8c\x02\x0d\xe8\xf0\xc0\xc1\x10\x09\x9a\x22\x1c\
\x0e\x1f\x3a\x74\x88\x86\x07\x2c\x6c\x6a\x0e\x34\xa0\xd3\x02\xc7\
\x5a\xc2\x60\x09\x09\xdc\x40\xc3\x03\xcc\x18\x05\x1a\xe3\xf9\xc0\
\x41\xc2\x40\xeb\x11\x3b\x9a\xaf\x54\x52\xeb\x67\x50\x2d\x2c\xa8\
\x72\x59\x29\xa5\x22\x11\xa5\xdf\x8e\x29\xdb\xb7\x6f\x67\xc6\x28\
\x50\xaf\x4d\x03\x87\xaa\x68\x66\x65\x65\x25\x9d\x4e\x27\x12\x89\
\xe1\xe1\x61\xeb\x3a\x5e\xf2\x15\x03\x2d\x11\x8b\xc5\xf2\xf9\xbc\
\xfc\x02\x85\x43\xe3\xe3\x15\xd3\xac\x28\xb5\xc9\x2d\x91\x90\x0f\
\x6c\xb7\x6c\x36\x7b\xcb\x2d\xb7\xc8\xaf\x06\x00\x9b\x39\x7a\xf4\
\xe8\xb5\x6b\xd7\xe4\x77\xd4\x3a\xed\x0f\x1c\x2b\x2b\x2b\xd9\x6c\
\x36\x91\x48\xc4\x62\x31\x12\x06\x74\x33\x3c\x3c\x4c\xec\x68\xc4\
\xd8\x98\xcc\x16\xb6\xb7\x78\x5c\x3e\xb0\xdd\xa6\xa7\xa7\xb7\x6d\
\xdb\x26\xbf\x0e\x00\x6c\x66\xd3\xc0\xd1\x86\x20\x6f\x8d\x92\x4c\
\x4f\x4f\x8f\x8e\x8e\xf6\xf6\xf6\xf6\xf4\xf4\xf4\xf6\xf6\x8e\x8e\
\x8e\x4e\x4c\x4c\x58\x17\x25\x91\x0f\x00\xda\x67\x7a\x7a\xba\xa7\
\xa7\x67\x64\x64\x84\xfd\xec\xeb\xf3\x96\xb7\xc8\x8a\xad\xef\x7f\
\x5f\x56\xda\x8d\xff\x68\xc0\x2d\x32\x81\xb8\xc0\xea\x61\x24\x93\
\x49\x7a\x18\xf0\xb4\x84\x7e\xfd\x7f\x7d\x4d\x4e\xca\x66\x86\xed\
\x6d\x78\x58\x3e\xb0\xdd\x06\x07\x07\xe9\x70\x00\x0d\xd8\xb4\xc3\
\xe1\x4a\xe0\x20\x61\xa0\x53\x05\x83\xc1\xa9\xa9\x29\xf9\x15\x8f\
\x8d\xa6\xa6\x64\xb6\xb0\xbd\xe9\x17\x38\xee\xbe\xfb\x6e\xf9\xbf\
\x0e\xc0\x81\x16\x05\x0e\x12\x06\xba\x0a\x13\x3b\x36\x37\x3b\x2b\
\xb3\x85\xed\xad\xbf\x5f\x3e\xb0\xad\x56\x56\x56\x98\x31\x0a\x34\
\xc6\xad\xc0\xb1\xb6\x96\x84\x84\x81\xae\xc5\x08\x4b\x2d\xe9\xb4\
\xcc\x16\xb6\xb7\x70\x58\x3e\xb0\xad\x32\x99\x0c\xe3\x29\x40\x63\
\x9a\x16\x38\x5e\x7e\xf9\xe5\x64\x32\x19\x8f\xc7\xc3\xe1\x70\x50\
\xbf\x75\xf3\x40\x5b\x04\x83\xc1\xab\x57\xaf\xca\xef\x16\x54\x2a\
\x95\xc5\x45\x99\x2d\x6c\x6f\xc1\xa0\x7c\x60\x5b\x4d\x4c\x4c\x10\
\x38\x80\xc6\x34\x2d\x70\x24\x12\x09\xf9\xdc\x00\x94\x32\x0c\xe3\
\xe9\xa7\x9f\x96\xdf\x30\xc8\xe7\x65\xb6\xb0\xbd\x99\xa6\x7c\x60\
\x5b\x8d\x8c\x8c\x10\x38\x80\xc6\x6c\x1a\x38\x18\xad\x04\xb6\xa4\
\x54\x2a\x3d\xf4\xd0\x43\xa3\xa3\xa3\xf2\x40\x97\x73\x38\xcc\xaa\
\xd9\x1a\x54\x96\xe5\x03\xee\x21\x70\x00\x4d\x30\x31\x31\xd1\xdb\
\xdb\x9b\xcf\xe7\xe5\x81\xae\xe5\x30\x70\x58\xbb\x9e\x6b\xe3\xd2\
\xa5\x4b\x9a\x5f\xed\x01\xf0\x2e\x02\x07\xd0\x1c\xb9\x5c\xee\xee\
\xbb\xef\x4e\xa7\xd3\xf2\x40\xd7\x72\x78\x31\x1a\x6d\x02\x47\xa1\
\x50\x60\xd7\x2f\xc0\x3d\x04\x0e\xa0\x99\xf6\xef\xdf\x3f\x35\x35\
\x25\xab\xdd\xc9\x61\x93\x43\x9b\x73\xfc\xe5\xcb\x97\x69\x6f\x00\
\xee\x21\x70\x00\x4d\x76\xf8\xf0\xe1\x93\x27\x4f\xca\x6a\x17\x72\
\x18\x38\xb4\xe9\x70\xe4\xd6\x5f\xcf\x16\x40\xb3\x11\x38\x80\xe6\
\x3b\x75\xea\xd4\xc8\xc8\x48\xb7\xff\xba\xec\xb5\x21\x95\x4b\x97\
\x2e\xc9\x12\x80\xe6\x21\x70\x00\xae\x98\x9e\x9e\xde\xbf\x7f\x7f\
\x57\x67\x0e\x87\x1d\x0e\x6d\x86\x54\x58\xa2\x02\xb8\x8a\xc0\x01\
\xb8\x25\x93\xc9\xdc\x77\xdf\x7d\xdd\x9b\x39\x6e\xbf\x5d\x56\x6c\
\xbd\xfc\xb2\xac\xb4\x09\x4b\x54\x00\x57\x11\x38\x00\x17\xe5\x72\
\xb9\xee\xed\x73\x78\x6a\x48\xa5\x54\x2a\xb1\x44\x05\x70\x15\x81\
\x03\x70\x57\x26\x93\xe9\xd2\xcc\xe1\xa9\x21\x15\xd2\x06\xe0\x36\
\x02\x07\xe0\xba\x4c\x26\xf3\xd0\x43\x0f\x75\x5d\xe6\x70\x18\x38\
\xf4\xe8\x70\x30\x9e\x02\xb8\x8d\xc0\x01\xb4\x42\x2a\x95\x7a\xf4\
\xd1\x47\xbb\xeb\x94\xe6\xa9\x21\x15\x3a\x1c\x80\xdb\x08\x1c\x40\
\x8b\x4c\x4c\x4c\x4c\x4f\x4f\xcb\x6a\x07\x73\xd8\xe1\xd0\xe3\x4c\
\xcf\x9a\x58\xc0\x6d\x04\x0e\xa0\x75\x0e\x1f\x3e\xdc\x45\x7b\x9f\
\x3b\x0c\x1c\x7a\x34\x39\x18\x52\x01\xdc\x46\xe0\x00\x5a\xea\xa1\
\x87\x1e\xea\xa2\x6b\xbc\x79\x6a\x54\x05\x80\xab\x08\x1c\x40\x4b\
\x95\x4a\xa5\xc3\x87\x0f\x77\xcb\x2f\xd3\x0e\x9b\x1c\xed\x1e\x55\
\xe1\xb2\x6d\x40\x0b\x10\x38\x80\x56\xcb\x64\x32\xdd\x92\x39\x1c\
\x06\x8e\x76\x77\x38\xd8\x63\x14\x68\x01\x02\x07\xd0\x06\xd3\xd3\
\xd3\xa9\x54\x4a\x56\x3b\x8f\x47\x86\x54\x98\xc0\x01\xb4\x00\x81\
\x03\x68\x8f\xc3\x87\x0f\x77\xfe\x64\x0e\x87\x1d\x8e\x76\x0f\x67\
\xd0\xe1\x00\x5a\x80\xc0\x01\xb4\x47\xa9\x54\xea\xfc\x9d\x39\x3c\
\x72\x39\x15\xd6\xc4\x02\x2d\x40\xe0\x00\xda\x26\x95\x4a\x65\x32\
\x19\x59\xed\x24\x1e\x19\x52\xa1\xc3\x01\xb4\x00\x81\x03\x68\xa7\
\x0e\xdf\xf2\xdc\x23\x43\x2a\xcc\xe1\x00\x5a\x80\xc0\x01\xb4\x53\
\xa9\x54\x3a\x75\xea\x94\xac\x76\x0c\x87\x81\xa3\xdd\x0d\x06\xd6\
\xc4\x02\x2d\x40\xe0\x00\xda\xec\xd4\xa9\x53\x1d\x3b\x7b\xd4\x0b\
\x43\x2a\xa4\x0d\xa0\x35\x08\x1c\x40\xfb\x75\xec\xec\x51\x87\x1d\
\x8e\xb6\x9e\xf2\x99\xc0\x01\xb4\x06\x81\x03\x68\xbf\x54\x2a\xd5\
\x99\xbf\x67\x1b\x86\xf2\xf9\x64\xd1\x56\xfb\xde\xfe\xcb\x2f\xbf\
\xdc\x99\x69\x0f\xd0\x0c\x81\x03\xd0\x42\xc7\x36\x39\xfc\x7e\x59\
\xb1\x55\x2c\xca\x4a\xab\x74\x66\xd4\x03\xf4\x43\xe0\x00\xb4\xd0\
\xb1\x4d\x0e\x87\xd3\x38\xda\xf7\xde\x19\x52\x01\x5a\x83\xc0\x01\
\xe8\xa2\x33\x9b\x1c\x0e\x03\x47\xfb\x3a\x1c\xec\xfa\x05\xb4\x06\
\x81\x03\xd0\x45\x67\x36\x39\x1c\x0e\xa9\x5c\xbe\x2c\x2b\xad\x42\
\x87\x03\x68\x0d\x02\x07\xa0\x91\x8f\x7f\xfc\xe3\x9d\xd6\xe4\xb8\
\xeb\x2e\x59\xb1\xd5\xbe\x0e\x07\x81\x03\x68\x0d\x02\x07\xa0\x91\
\x0e\xbc\x84\xac\xc3\x21\x95\xf6\xb5\x76\x2e\x5f\xbe\xdc\x69\x21\
\x0f\xd0\x12\x81\x03\xd0\x48\xa9\x54\x9a\x9e\x9e\x96\x55\x4f\x73\
\x38\xa4\xd2\xbe\x0e\x07\x80\xd6\x20\x70\x00\x7a\xf9\xc3\x3f\xfc\
\xc3\x8e\xfa\x85\x5b\xfb\x0e\x47\x07\xce\x9b\x01\xb4\x44\xe0\x00\
\xf4\x92\xc9\x64\x3a\xea\x14\xe8\xb0\xc3\xd1\xa6\xcc\xc1\x04\x0e\
\xa0\x65\x08\x1c\x80\x76\x3a\x6d\x26\x87\xc3\x26\x47\x3b\x46\x55\
\x08\x1c\x40\xcb\x10\x38\x00\xed\xfc\xf6\x6f\xff\x76\x37\x8e\xaa\
\xb4\x23\x70\x00\x68\x19\x02\x07\xa0\x9d\x42\xa1\xd0\x51\xbf\x79\
\x3b\x1c\x55\x59\x5a\x92\x15\xf7\x75\xd4\xe7\x19\xd0\x1b\x81\x03\
\xd0\x51\x47\x8d\xaa\x38\xec\x70\xb4\x63\xef\x2f\xae\xdc\x06\xb4\
\x0c\x81\x03\xd0\xd1\x9f\xff\xf9\x9f\x77\xce\x89\xf0\xde\x7b\x65\
\xc5\x56\x3b\x3a\x1c\x00\x5a\x86\xc0\x01\xe8\xa8\xa3\x3a\x1c\x81\
\x80\xac\xd8\x6a\x47\xe0\x60\x48\x05\x68\x19\x02\x07\xa0\xa3\x52\
\xa9\xd4\x39\x8b\x63\x9d\x0c\xa9\x18\x86\xd3\x5c\xd2\x54\x04\x0e\
\xa0\x65\x08\x1c\x80\xa6\x3a\xa7\xc9\xe1\xf7\x2b\xc3\xb8\xe9\x9f\
\xe1\xb0\x8a\x46\x55\x3c\xae\x66\x67\x55\x3a\xad\x2a\x15\xb5\xb2\
\xa2\xd2\xe9\xf5\x0f\x6a\x0d\x02\x07\xd0\x32\x04\x0e\x40\x53\xa5\
\x52\xa9\x73\xa6\x71\x58\xd9\x62\x7e\x5e\x55\x2a\x6a\x79\x59\xa5\
\xd3\x6a\x72\x52\x9d\x3c\xa9\xfa\xfb\x55\x38\x2c\xef\x0c\xa0\x13\
\x11\x38\x00\x4d\x7d\xf5\xab\x5f\x95\x25\xef\x8a\xc5\x54\x7f\xbf\
\x0a\x85\x64\xbd\xdd\x8c\xf5\xad\x17\x00\x6e\x22\x70\x00\x9a\xca\
\x64\x32\xb2\x04\x00\x9e\x45\xe0\x00\x34\x55\x2a\x95\x98\x61\x00\
\xa0\x63\x10\x38\x00\x7d\xe5\x72\x39\x59\x42\x53\x31\xa4\x02\xb4\
\x0c\x81\x03\xd0\x17\x1d\x0e\x00\x1d\x83\xc0\x01\xe8\xab\x73\xb6\
\xe2\x00\xd0\xf5\x08\x1c\x00\x00\xc0\x75\x04\x0e\x40\x5f\x1d\xb5\
\x15\x87\x96\x98\xc3\x01\xb4\x0c\x81\x03\xd0\x57\x47\x6d\xc5\x01\
\xa0\xbb\x11\x38\x00\x74\xaf\x5d\xbb\x76\x6d\xdb\xb6\x4d\x56\x01\
\xb8\x80\xc0\x01\xa0\x7b\x31\xa4\x02\xb4\x0c\x81\x03\x40\xf7\x32\
\x0c\x83\xcc\x01\xb4\x06\x81\x03\x40\x57\x23\x70\x00\xad\x41\xe0\
\x00\xf4\xc5\xb9\xb0\x05\xf8\x24\x03\xad\x41\xe0\x00\xd0\xd5\x98\
\x37\x0a\xb4\x06\x81\x03\xd0\x17\xbf\x7c\xb7\x80\x69\x9a\xb2\x04\
\xc0\x05\x04\x0e\x40\x5f\x6f\x7b\xdb\xdb\x64\x09\xcd\x76\xfb\xed\
\xb7\xcb\x12\x00\x17\x10\x38\x00\x7d\x99\xa6\x49\xb7\xdf\x6d\xc1\
\x60\x50\x96\x00\xb8\x80\xc0\x01\xe8\x8b\x21\x95\x16\x60\x0e\x07\
\xd0\x1a\x04\x0e\x40\x5f\x04\x8e\x16\x60\x0e\x07\xd0\x1a\x04\x0e\
\x40\x5f\x9c\x0b\x5b\xc0\x30\x0c\x3e\xcf\x40\x0b\x10\x38\x00\x7d\
\x71\x22\x6c\x8d\x3d\x7b\xf6\x30\xaa\x02\xb8\x8d\xc0\x01\x68\x8a\
\xc9\x8c\x2d\xb3\x67\xcf\x1e\x59\x02\xd0\x6c\x04\x0e\x40\x53\x4c\
\xe0\x68\x19\xb2\x1d\xd0\x02\x04\x0e\x40\x53\x9c\x05\x5b\x66\xdf\
\xbe\x7d\x0c\xa9\x00\x6e\x23\x70\x00\x9a\xfa\xa7\xff\xf4\x9f\x72\
\x16\x6c\x0d\xae\x19\x0b\xb4\x00\x81\x03\xd0\x14\xa7\xc0\x56\x62\
\xde\x28\xe0\x36\x02\x07\xa0\x29\x86\x54\x5a\x69\xdf\xbe\x7d\xb2\
\x04\xa0\xa9\x08\x1c\x80\x8e\x82\xc1\x20\x6b\x62\x5b\xe9\xd8\xb1\
\x63\x74\x38\x00\x57\x11\x38\x00\x1d\xd1\xde\x68\x31\xb6\xff\x02\
\xdc\x46\xe0\x00\x74\xf4\x53\x3f\xf5\x53\xfc\xc2\xdd\x62\xac\x55\
\x01\x5c\x45\xe0\x00\x74\xc4\x8c\xd1\xd6\x63\x1a\x07\xe0\x2a\x02\
\x07\xa0\xa3\x70\x38\x2c\x4b\x70\xd9\xc0\xc0\x00\x1d\x0e\xc0\x3d\
\x04\x0e\x40\x3b\xc1\x60\x90\x0e\x47\xeb\x31\x8d\x03\x70\x15\x81\
\x03\xd0\x0e\x33\x46\x6f\x52\x2a\xc9\x8a\x6b\x68\x72\x00\xee\x21\
\x70\x00\xda\x61\xc6\xa8\x52\x4a\x2d\x2d\xa9\xd3\xa7\x55\x6f\xaf\
\xea\xe9\x51\xe5\xb2\x3c\xea\x8e\xc7\x1e\x7b\x8c\xcf\x3c\xe0\x12\
\x02\x07\xa0\x9d\xae\x1e\x4f\x59\x58\x50\xa3\xa3\xaa\xa7\x47\xed\
\xde\xad\x4e\x9c\x50\xb9\x9c\x2a\x95\x54\x26\x23\xef\xe6\x0e\x46\
\x55\x00\xf7\x10\x38\x00\xbd\x18\x86\xd1\x8d\x33\x46\x53\x29\x75\
\xe4\x88\xda\xb9\x53\xed\xdd\xab\x26\x26\x54\xa1\x70\xd3\xd1\xa7\
\x9e\xba\xe9\x9f\x6e\xa2\xc9\x01\xb8\x84\xc0\x01\xe8\xc5\x34\xcd\
\x2e\xea\x70\x64\x32\xea\xe0\x41\x75\xdb\x6d\x6a\x70\x50\x9d\x3d\
\xab\x8a\x45\x79\x07\xcb\xdc\x9c\xac\xb8\x86\x69\x1c\x80\x4b\x08\
\x1c\x80\x5e\xba\xab\xbd\x51\x28\xa8\xf3\xe7\x37\x9f\xa2\x51\x2c\
\xb6\x72\x54\xe5\xd0\xa1\x43\x64\x0e\xa0\xe9\x08\x1c\x80\x5e\xba\
\x6b\xc6\x68\x24\x22\x2b\xd5\x5c\xb8\x20\x2b\xae\x79\xe4\x91\x47\
\xba\xe8\xbf\x00\x68\x15\x02\x07\xa0\x97\xee\x5a\x13\x6b\x18\xca\
\x61\x47\x27\x95\x92\x15\xd7\x70\xe5\x3c\xc0\x0d\x04\x0e\x40\x23\
\xa6\x69\x76\xdd\xa9\x6e\x60\x40\x56\x6c\x15\x0a\x6a\x61\x41\x16\
\x5d\x43\x93\x03\x68\x3a\x02\x07\xa0\x91\xee\x6a\x6f\x58\xb4\x1c\
\x55\x39\x74\xe8\x50\x4f\x4f\x8f\xac\x02\xd8\x02\x02\x07\xa0\x91\
\x3d\x7b\xf6\x74\xdd\x2f\xd6\xa6\xa9\x1c\xc6\xac\xf3\xe7\x65\xc5\
\x35\x86\x61\x7c\xf8\xc3\x1f\xee\xba\xff\x0b\xc0\x4d\x04\x0e\x40\
\x23\x7b\xf6\xec\x91\xa5\x6e\xe0\x7c\x54\xa5\x85\xeb\x63\x8f\x1d\
\x3b\x46\x93\x03\x68\x22\x02\x07\xa0\x91\xee\x5a\x13\xbb\xa6\xbf\
\x5f\x56\xaa\xf9\xfd\xdf\x97\x15\xd7\xd0\xe4\x00\x9a\x8b\xc0\x01\
\xe8\xa2\x7b\x2f\x12\x1b\x0a\x29\x87\x53\x65\xe7\xe6\xaa\x6e\x0e\
\xe6\x02\x9a\x1c\x40\x13\x11\x38\x00\x5d\x74\xdd\xfa\x94\xf5\x86\
\x86\x64\xc5\x56\xb9\xac\xa6\xa7\x65\xd1\x35\x34\x39\x80\x26\x22\
\x70\x00\xba\xe8\xea\xc0\xf1\xd1\x8f\xca\x4a\x35\x4f\x3e\x29\x2b\
\x6e\xa2\xc9\x01\x34\x0b\x81\x03\xd0\x45\x77\xed\x31\x2a\x98\xa6\
\xd3\x1d\xc0\x96\x96\x5a\xb6\xcd\x39\x4d\x0e\xa0\x89\x08\x1c\x80\
\x2e\xba\x71\x13\x8e\xf5\x9c\x37\x39\x5a\x38\x75\x54\x29\x15\x8f\
\xc7\x69\x72\x00\x5b\xb7\xad\x52\xa9\xc8\x9a\x9d\x89\x89\x89\xd1\
\xd1\x51\x59\x05\xd0\x3c\xd7\xaf\x5f\xef\xea\xdf\xa4\xcb\x65\xd5\
\xd3\xe3\x68\x4e\xa8\xcf\xa7\xf2\x79\xe5\xf7\xcb\xba\x6b\x2e\x5e\
\xbc\xb8\x7f\xff\xfe\xeb\xd7\xaf\xcb\x03\x68\x07\xc3\x30\xac\xed\
\xe7\x77\xed\xda\x25\xd6\x76\xe5\x72\xb9\x52\xa9\x74\xe5\xca\x95\
\xa5\xa5\xa5\xa5\xa5\xa5\xa2\x93\x2f\x27\x34\xc9\xd1\xa3\x47\x13\
\x89\xc4\xf6\xed\xdb\xe5\x81\x35\x15\x67\x12\x89\x84\x7c\x24\x80\
\xe6\x09\x06\x83\xd7\xaf\x5f\x97\xdf\x78\xdd\x26\x16\xab\x28\xe5\
\xe8\x16\x8b\xc9\xc7\xba\x6c\x64\x64\xa4\xab\xe3\xa0\x06\x4c\xd3\
\x8c\x46\xa3\xb3\xb3\xb3\xf2\xff\xa6\xba\x6c\x36\x3b\x36\x36\x16\
\x08\x04\xe4\x73\xc1\x05\x47\x8f\x1e\xbd\x76\xed\x9a\xfc\x3f\x58\
\x87\xc0\x01\x68\x61\x78\x78\x98\xc0\x51\x59\x5c\x94\xc1\xa2\xda\
\xcd\xe7\xab\x2c\x2f\xcb\x87\xbb\x69\x65\x65\xe5\xee\xbb\xef\x96\
\xff\x6d\x70\x9f\x61\x18\x63\x63\x63\xd9\x6c\x56\xfe\x97\xd4\x23\
\x9f\xcf\x27\x12\x09\x7f\x0b\xbb\x62\x5d\x68\xd3\xc0\xc1\x1c\x0e\
\x40\x0b\x5d\xba\x03\x87\x10\x08\xa8\x50\x48\x16\x6d\x95\xcb\xea\
\xf1\xc7\x65\xd1\x4d\x86\x61\x9c\x39\x73\x86\x26\x47\x8b\xc5\x62\
\xb1\xc5\xc5\xc5\xf1\xf1\xf1\x2d\xce\x70\x32\x4d\x33\x16\x8b\xe5\
\xf3\xf9\xf1\xf1\x71\xbe\xd7\xda\x46\x26\x90\x2a\xe8\x70\x00\xae\
\x7a\xfa\xe9\xa7\xe5\x77\x5d\x77\x9a\x9a\x92\xcd\x8c\x6a\xb7\x96\
\x37\x39\x2a\x95\xca\xe0\xe0\x20\x99\xa3\x35\x22\x91\x48\x3e\x9f\
\x97\xff\x01\xcd\xb0\xbc\xbc\x1c\x8b\xc5\xe4\xc7\xc3\x96\xd1\xe1\
\x00\xe0\x29\x43\x43\x4e\x67\x83\xb6\xbc\xc9\xa1\x94\x3a\x77\xee\
\x1c\x81\xc3\x6d\x7e\xbf\x7f\x7e\x7e\x3e\x99\x4c\xba\xb4\x33\x8d\
\xdf\xef\x4f\x24\x12\x8b\x8b\x8b\x5b\xec\x9a\xa0\x5e\x04\x0e\x40\
\x0b\xb4\x79\x5f\xe7\xf3\xa9\xe3\xc7\x65\xb1\x9a\xb3\x67\x1d\xad\
\x6a\x69\x1e\xc3\x30\x9e\x7e\xfa\x69\x32\x87\x7b\x42\xa1\x50\x36\
\x9b\x0d\x39\x1c\x59\xdb\x82\x40\x20\x30\x3f\x3f\x3f\xe4\x70\x8b\
\x5b\x34\x03\x81\x03\xd0\x82\x4b\xbf\xcc\x79\x52\x34\xaa\x73\x93\
\x63\x60\x60\x20\x12\x89\x90\x39\xdc\x30\x34\x34\x94\x4e\xa7\x5b\
\x36\xb5\xd3\xe7\xf3\xcd\xcc\xcc\xc4\xe3\x71\x79\x00\xee\x20\x70\
\x00\xd0\x8c\xde\x4d\x0e\x6b\xc2\x4d\x6f\x6f\xaf\xac\x62\x6b\x12\
\x89\xc4\xcc\xcc\x8c\xcf\xe7\x93\x07\x5c\x76\xf2\xe4\xc9\x64\x32\
\xd9\xfa\x8f\xdb\x85\x08\x1c\x80\x16\x18\x52\xb9\x49\x34\xaa\x1c\
\x7e\x42\xca\x65\x75\xe4\x88\x2c\xba\xef\x8b\x5f\xfc\xe2\x0f\xfc\
\xc0\x0f\xc8\x2a\x1a\x95\x48\x24\xda\x38\x91\x33\x12\x89\x24\x93\
\x49\x59\x45\xb3\x11\x38\x00\x2d\x10\x38\x6e\xe2\xf3\xa9\xe1\x61\
\x59\xac\x26\x95\x52\x73\x73\xb2\xe8\x32\x6b\x32\xc7\x2d\xb7\xf0\
\x23\xb4\x09\x86\x86\x86\xda\x98\x36\x2c\xfd\xfd\xfd\x2c\xc6\x74\
\x1b\xdf\x2d\x40\xfb\x31\x81\xc3\xc6\xf1\xe3\xca\x79\x97\x7b\x74\
\x54\x95\xcb\xb2\xe8\xb2\x7d\xfb\xf6\x1d\x3b\x76\x8c\xc9\x1c\x5b\
\x14\x0a\x85\xa6\xa6\xa6\x64\xb5\x1d\x62\xb1\xd8\xb0\xf3\x98\x8b\
\xfa\x11\x38\x00\x68\xc9\xef\x57\xd1\xa8\x2c\x56\xb3\xb4\xa4\x26\
\x26\x64\xd1\x7d\x67\xce\x9c\xe9\xeb\xeb\x23\x73\x34\xcc\x34\x4d\
\xad\xe6\x4f\x4c\x4e\x4e\xb6\x60\x81\x4c\xd7\x22\x70\x00\xed\xc7\
\x78\x8a\xbd\xba\x9a\x1c\xa7\x4e\xb5\x7e\xf6\xa8\x52\xea\x8f\xff\
\xf8\x8f\xb9\x96\x6c\xc3\x66\x66\x66\x5a\xb6\x26\xc5\x09\x9f\xcf\
\x97\x4c\x26\xf9\x7e\x74\x09\x81\x03\x80\xae\xfc\x7e\xe5\x7c\x68\
\xbf\x4d\xb3\x47\x0d\xc3\x60\x02\x69\x63\x22\x91\x88\x86\xed\x04\
\xbf\xdf\xcf\x42\x59\x97\x10\x38\x00\x68\x2c\x1e\x77\xba\x27\x47\
\x9b\x66\x8f\x5a\xe3\x02\x64\x8e\x7a\xf9\x7c\xbe\xc9\xc9\x49\x59\
\xd5\x43\x34\x1a\xd5\xaa\xef\xd2\x31\x08\x1c\x40\xfb\x95\x4a\x25\
\x59\x82\xc5\xe7\x53\x75\x9d\x96\x46\x46\xda\x32\xb0\x12\x0c\x06\
\xbf\xf8\xc5\x2f\xb2\x68\xc5\x39\x9d\x4f\xea\x3e\x9f\x8f\x15\x2b\
\x6e\xe0\xdb\x03\x68\x3f\x02\x47\x2d\x91\x88\xea\xef\x97\xc5\x6a\
\x8a\x45\x75\xf0\xa0\x2c\xb6\x44\x30\x18\x7c\xf6\xd9\x67\xc9\x1c\
\x4e\xf8\xfd\xfe\xe3\xce\xf7\x76\x6b\x87\xa1\xa1\x21\xae\xb4\xd2\
\x74\xdb\x2a\x95\x8a\xac\xd9\x99\x98\x98\x18\x1d\x1d\x95\x55\x00\
\xcd\x60\x18\xc6\xd5\xab\x57\x59\xec\x50\xd5\xd2\x92\xea\xed\x75\
\xbe\xf0\xf5\x7b\xbf\xfc\xcb\x5f\xfe\xe9\x9f\x56\x4a\x2d\x2c\x2c\
\x94\xcb\xe5\x2b\x57\xae\x2c\x2d\x2d\xad\x1d\x35\x4d\x73\xd7\xae\
\x5d\x4a\xa9\x70\x38\x6c\xfd\xb3\x89\xcb\x92\x2f\x5e\xbc\xb8\x7f\
\xff\xfe\xeb\xd7\xaf\xcb\x03\x58\x67\x7c\x7c\x7c\x6c\x6c\x4c\x56\
\x35\x93\x4a\xa5\x06\x07\x07\x65\x15\xd5\x1d\x3d\x7a\x34\x91\x48\
\x6c\xdf\xbe\x5d\x1e\x58\x23\x2f\x1f\x5b\x05\xfd\x25\xc0\x55\x57\
\xaf\x5e\x95\xdf\x75\x58\x6f\x6c\x4c\x5e\x9e\xbe\xe6\xcd\x71\x4b\
\x44\x59\xd7\xf1\x8a\xc7\xe3\x8b\x8b\x8b\xf2\x83\x36\x24\x93\xc9\
\xd0\xe7\xa8\xcd\xa5\xeb\xce\x37\xd7\xea\xea\x2a\xcb\x55\xea\xc2\
\xe5\xe9\x01\x6f\x28\x14\x0a\xb2\x84\xf5\xea\x9a\x3d\xaa\xd4\x8c\
\x52\xce\xbb\x16\x4b\x4b\x4b\xa7\x4e\x9d\xda\xbd\x7b\x77\x4f\x4f\
\xcf\xe8\xe8\x68\x2e\x97\x93\xf7\xa8\xc7\xbe\x7d\xfb\x18\x5b\xa9\
\x21\x10\x08\x34\xb1\xa5\xe4\x1e\x9f\xcf\x17\x89\x44\x64\x15\x5b\
\xc0\xb7\x04\xa0\x05\xa6\x71\x6c\xa2\xce\xd9\xa3\x86\x52\x33\x4a\
\x39\xde\xc4\xe3\x75\x85\x42\x61\x62\x62\xa2\xb7\xb7\xb7\xa7\xa7\
\xe7\xfc\xf9\xf3\xf2\xb0\x63\x64\x8e\x1a\x3c\x74\x16\x7f\xf0\xc1\
\x07\x65\x09\x5b\xc0\xf7\x03\xa0\x85\x2d\xfe\x56\xdd\x15\xea\x9a\
\x3d\xaa\x54\x48\xa9\x86\xaf\xc7\x55\x28\x14\x0e\x1e\x3c\xd8\xdb\
\xdb\x9b\xc9\x64\xe4\x31\x67\xf6\xed\xdb\xf7\x95\xaf\x7c\x85\xb5\
\xb2\x1b\x0d\x0c\x0c\xc8\x92\xae\xfa\xfb\xfb\xf5\xd9\x05\xb5\x03\
\x10\x38\x00\x2d\xbc\xfc\xf2\xcb\xb2\x84\x8d\xa6\xa6\xae\xbf\xfd\
\xed\xb2\x58\x5d\xbf\x52\x5b\xb9\x4a\x47\x2e\x97\xeb\xeb\xeb\x3b\
\x70\xe0\xc0\xfa\x39\xa7\xce\x59\x6b\x65\xef\xbe\xfb\x6e\x79\xa0\
\x8b\xf9\xfd\x7e\x0d\x37\xfb\xaa\xc6\x30\x0c\x6b\x66\x31\x9a\x82\
\xc0\x01\x68\xe1\xd2\xa5\x4b\x0e\x97\x8c\x75\xb3\x93\x67\xcf\x1e\
\xa8\x73\xec\x69\x58\xa9\x93\xb2\x56\x9f\xb9\xb9\xb9\xdd\xbb\x77\
\x1f\x39\x72\xa4\xec\x78\x99\xcc\x9a\x60\x30\xf8\x95\xaf\x7c\xe5\
\xbe\xfb\xee\x93\x07\xba\x95\xe7\xce\xdf\xf7\xdf\x7f\xbf\x2c\xa1\
\x51\x04\x0e\x40\x0b\x0d\xb7\xee\xbb\x44\xb9\x5c\x1e\x1c\x1c\x3c\
\x75\xea\xd4\x9f\xbd\xf2\x4a\xbd\x0b\xf4\xe3\x4a\x2d\x1e\x3f\x9e\
\xbe\x21\x91\x48\xc4\xe3\xf1\x68\x34\x1a\x0e\x87\x9d\xef\x3d\x75\
\xf6\xec\xd9\xbd\x7b\xf7\x36\x30\xb7\xd7\x30\x8c\xaf\x7c\xe5\x2b\
\xfb\xf7\xef\x67\xd9\xb3\xd5\xe1\x90\x25\xbd\x79\x62\x7e\xab\x67\
\xc8\x65\x2b\x55\xb0\x2c\x16\x70\xdb\x73\xcf\x3d\x27\xbf\xf1\x50\
\xa9\x54\x2a\x95\x7c\x3e\x2f\x76\x61\x4a\x6e\x58\x07\x5b\xeb\x16\
\x0c\x56\x96\x97\xe5\x93\xde\x90\xcd\x66\x63\xb1\x98\xc3\xf3\x8a\
\xdf\xef\xcf\x66\xb3\xf2\x29\x9c\x19\x1d\x1d\x25\x73\x8c\x8f\x8f\
\xcb\xcf\x8b\xde\x66\x67\x67\xe5\x7b\x40\x15\x2c\x8b\x05\x3c\x83\
\x26\x87\xad\x85\x85\x85\xbd\x7b\xf7\x8a\x49\xb5\x23\x4a\x39\x6d\
\x35\x84\xc3\x2a\x9d\xae\xb1\xa4\x36\x18\x0c\x26\x12\x89\x7c\x3e\
\xbf\xb8\xb8\x18\x8f\xc7\x6b\x6f\xbd\x50\x2c\x16\xf7\xee\xdd\xdb\
\xd8\x02\x96\x33\x67\xce\xc4\xe3\xf1\x2e\xcf\x1c\x9e\xeb\x70\x78\
\xee\x05\x6b\x4d\x26\x90\x2a\xe8\x70\x00\x6e\x8b\x44\x22\xd7\xaf\
\x5f\x97\xdf\x7b\xdd\x6d\x66\x66\xa6\xda\x32\x81\x90\x52\xab\x1b\
\x9b\x19\xe2\x36\x34\x54\x59\x5d\x95\x4f\x5a\xd3\xca\xca\xca\xd8\
\xd8\x58\xb5\x0f\xba\x26\x1e\x8f\xcb\x47\x3a\x93\xcd\x66\xbb\x79\
\x1a\x69\x3a\x9d\x96\x9f\x11\xbd\x2d\x2f\x2f\xcb\xf7\x80\x2a\x36\
\xed\x70\x10\x38\x00\x5d\x18\x86\x41\xe0\x58\x6f\x66\x66\x46\x7e\
\x8e\x6e\xf6\xbb\xff\xf8\x1f\xcb\x84\xb1\xfe\x16\x8b\xc9\x67\x74\
\x6c\x79\x79\x79\x68\x68\x48\x7e\xbc\x9b\xc5\x1a\x7d\xfe\x95\x95\
\x95\xc1\xc1\xc1\xee\x6c\x75\x34\x6b\x3b\xd7\x56\x92\xef\x01\x55\
\x10\x38\x00\x2f\x79\xf6\xd9\x67\xe5\xf7\x5e\xb7\x9a\x9f\x9f\xaf\
\xd1\x66\x30\x0c\x63\x76\x76\xb6\x52\xa9\x54\x86\x87\x65\xce\xb0\
\x6e\xcd\x98\x2b\x90\xcd\x66\x03\x81\x80\xfc\xd8\xeb\x4c\x4d\x4d\
\xc9\xc7\x38\x36\x31\x31\xd1\x85\x99\xc3\x13\x9b\x9a\x0b\xb5\x47\
\xd9\xb0\x86\xc0\x01\x78\xc9\xf0\xf0\x30\x4d\x0e\xab\xc1\x50\x63\
\xec\x3c\x10\x08\xdc\xf4\x8b\x72\x7f\xff\x4d\x51\xc3\xe7\xab\x6c\
\x21\x07\x08\x2b\x2b\x2b\x35\x56\x72\xfa\x7c\xbe\xf9\xf9\x79\xf9\
\x18\xc7\xba\x70\x78\xc5\x73\x43\x2a\xab\xab\xab\xf2\x3d\xa0\x0a\
\x02\x07\xe0\x25\x8c\xaa\x58\x3f\xe2\x6b\xec\x0d\x15\x0e\x87\x57\
\x56\x56\xc4\x03\x2a\xa1\xd0\xeb\x69\xc3\x30\x2a\x56\xe7\xa3\x79\
\x56\x57\x57\x87\x87\x87\xe5\xeb\xb8\xc1\x34\xcd\xe5\xea\x4b\x60\
\x9c\x18\x19\x19\xe9\x9e\x56\xc7\xcc\xcc\x8c\x7c\xff\x7a\xcb\xe7\
\xf3\xf2\x3d\xa0\x8a\x4d\x03\x07\xab\x54\x00\x8d\x94\x4a\xa5\x06\
\x76\x7a\xe8\x30\xa3\xa3\xa3\x0b\x0b\x0b\xb2\xaa\x94\xd5\x01\x9a\
\x9d\x9d\x95\x2d\x6e\x9f\x4f\xcd\xce\xaa\x40\x40\x19\x86\x4a\xa7\
\xeb\xda\xfe\xdc\x09\x9f\xcf\x37\x35\x35\x55\xed\x97\xae\x42\xa1\
\x30\x38\x38\xd8\xc0\x9e\x60\x6b\xce\x9d\x3b\x97\x48\x24\xba\x24\
\x73\x14\x8b\x45\x59\xd2\x1b\xdf\x8f\x4d\x44\xe0\x00\xf4\xf2\xf1\
\x8f\x7f\xbc\x9b\xe7\xa9\x4d\x4f\x4f\x9f\x3d\x7b\x56\x56\x95\x52\
\x4a\x45\xa3\xd1\xa9\xa9\x29\xfb\x89\x1d\x86\xa1\x66\x67\x55\x36\
\xab\x6e\xde\xae\xa3\x89\x62\xb1\x58\xb5\xcc\xb1\xb0\xb0\x30\x3a\
\x5a\xef\x6e\x64\x37\x39\x76\xec\xd8\xd5\xab\x57\xbb\xa1\xd5\x71\
\xe5\xca\x15\x59\xd2\x1b\x81\xa3\x99\x64\xcb\xa3\x8a\x6a\xdf\x69\
\x00\x9a\xee\x85\x17\x5e\x90\xdf\x81\xdd\xa1\xc6\xd4\x8d\x50\x28\
\xb4\x5a\xe7\x02\x57\x37\xd4\x18\x5b\x69\x78\x43\xb0\xf5\x32\x99\
\x4c\x4f\x4f\x8f\x7c\xea\x0e\x32\x3c\x3c\x2c\xdf\xb3\xde\xc6\xc7\
\xc7\xe5\x7b\x40\x15\x0c\xa9\x00\xde\x93\x4a\xa5\x64\xa9\x3b\x3c\
\xfe\xf8\xe3\xb6\x2d\x77\xd3\x34\x93\xc9\xa4\x7d\x6f\xa3\xb5\x26\
\x27\x27\xab\xcd\x2f\x39\x75\xea\x94\x2c\xd5\x6f\xdf\xbe\x7d\x2f\
\xbc\xf0\xc2\xc9\x93\x27\x3b\xb5\xd5\xe1\xb9\xab\x22\x3f\xff\xfc\
\xf3\xb2\x84\x86\xc9\x04\x52\x05\x1d\x0e\xa0\x65\xba\x73\xea\xe8\
\xf2\xf2\xb2\x6d\xa4\xd8\xe2\x4a\x90\xa6\xab\xd1\x86\x49\x26\x93\
\xf2\xde\x8d\xca\x66\xb3\xbd\xbd\xbd\xf2\x03\x74\x04\x6f\xad\x8c\
\x95\x13\x86\x50\x1d\x1d\x0e\xc0\x7b\x4a\xa5\xd2\xf4\xf4\xb4\xac\
\x76\xba\x53\xa7\x4e\xd9\x4e\xbd\xac\xd1\x54\x68\x0b\xbf\xdf\x9f\
\x4c\x26\x65\x55\xa9\x66\x35\x39\x2c\xc1\x60\xf0\xb9\xe7\x9e\xeb\
\xc8\xbd\x3a\x3c\xd4\xc0\xcb\x64\x32\xa5\x3a\xaf\x4e\x8c\x5a\x64\
\x02\xa9\x82\x0e\x07\xd0\x4a\xa6\x69\x76\x55\x93\x23\x9b\xcd\xca\
\x4f\x81\x52\xd6\x79\x57\xde\x55\x0f\xb1\x58\x4c\xbe\x56\xa5\x9a\
\xdb\xe4\xb0\xac\xac\xac\x74\xd8\x64\xd2\x70\x38\x2c\xdf\xa4\xae\
\xc6\xc6\xc6\xe4\xab\x47\x75\x9b\x76\x38\x08\x1c\x80\xa6\xce\x9d\
\x3b\x27\xbf\x0f\x3b\x57\x24\x12\x91\xef\x5f\x29\x9d\xf7\x89\xaa\
\x36\x00\x64\x9a\xa6\x1b\x93\x5b\xb3\xd9\x6c\xc7\xc4\x0e\x9f\xcf\
\x27\x77\x52\xd1\x95\xc3\x6b\x08\xc3\xb2\x69\xe0\x60\x48\x05\xd0\
\xd4\xa3\x8f\x3e\xda\x25\xeb\x63\x0b\x85\x82\x6d\x9b\x3d\x12\x89\
\xd4\xd8\xe5\xb3\xbd\xfc\x7e\x7f\x34\x1a\x95\xd5\xea\xef\x65\x8b\
\x82\xc1\xe0\xb9\x73\xe7\x9e\x7b\xee\xb9\x0e\xb8\x08\x4b\xb9\x5c\
\x76\xe3\x53\xd4\x74\x4b\x4b\x4b\xac\x89\x6d\x2e\x02\x07\xa0\xa9\
\x52\xa9\x74\xf2\xe4\xc9\x6e\xc8\x1c\xd5\xae\xf6\x1e\x8f\xc7\x65\
\x49\x27\xe3\xe3\xe3\xb6\xb3\x47\x9f\x79\xe6\x19\x59\x6a\x92\x60\
\x30\xf8\xf4\xd3\x4f\xa7\xd3\x69\xaf\x6f\x88\xfe\xc4\x13\x4f\xc8\
\x92\x7e\x9a\x38\x23\x07\x16\x02\x07\xa0\xaf\xdf\xfe\xed\xdf\xee\
\x86\x39\x6b\xb6\x67\xe8\x68\x34\x1a\x74\x6d\x17\xaf\xa6\xf0\xf9\
\x7c\xc7\x8f\x1f\x97\x55\xa5\x52\xa9\x94\xed\xec\xd7\x66\xd9\xb7\
\x6f\xdf\xff\xfe\xdf\xff\x7b\x7a\x7a\xda\xbb\x3b\x76\xe4\x72\x39\
\xcd\xa7\x45\xe7\x72\xb9\x6a\x39\x18\x8d\x93\x63\x2c\x55\x4c\x4e\
\x4e\xca\x47\x02\x70\x5f\x24\x12\xe9\xec\xd9\xa3\xcb\xcb\xcb\xf2\
\x3d\x2b\xa5\xf3\xec\x8d\xf5\x56\x56\x56\xe4\xeb\x56\xaa\x95\x2f\
\x7e\x62\x62\xc2\xa3\xb1\xc3\xef\xf7\xbb\x31\xd9\xa5\x59\xfa\x9b\
\xbd\x41\x7e\x37\xf8\xf5\x5f\xff\xf5\xe6\xcc\xe1\xf0\xfa\xa8\x21\
\xe0\x51\xa9\x54\xca\x13\x03\xde\x0d\x9b\x9b\x9b\x93\x25\xa5\x0c\
\xc3\xd0\x76\xf6\xc6\x7a\xd5\x5e\xe7\x53\x4f\x3d\x25\x4b\xee\x38\
\x76\xec\xd8\x0b\x2f\xbc\xe0\xc5\xd8\x51\x2c\x16\xab\xed\x61\xdf\
\x76\xa9\x54\xca\xf6\xcb\x12\xb5\x7d\xff\xfb\xdf\x97\xa5\x9b\x39\
\x0d\x1c\xb6\xf3\xb1\x01\xb4\xc0\xe1\xc3\x87\x3b\x78\x26\x87\xed\
\xb9\xb9\xda\xa2\x15\x0d\x0d\x0c\x0c\xc8\x52\x95\x14\xe5\x1e\x2b\
\x76\xa4\x52\x29\x6f\xad\x64\x39\x71\xe2\x84\xed\xc6\xb2\x6d\xc7\
\xec\x8d\xc6\x6c\x9a\x13\x9c\x06\x8e\xb7\xbc\xe5\x2d\xb2\x04\xa0\
\x25\x4a\xa5\x52\xa7\x66\x8e\x72\xb9\x9c\xc9\x64\x64\x55\xa9\x07\
\x1f\x7c\x50\x96\x74\x65\x9b\x8d\x0a\x85\x42\xb5\x0b\xde\xba\x67\
\x60\x60\xc0\x5a\xc9\xe2\x95\xd8\x51\x2e\x97\x47\x46\x46\x64\xb5\
\xdd\x46\x47\x47\x3d\xb7\xff\xba\x26\x36\xcf\x09\x72\x8c\xa5\x8a\
\x6a\x3b\xeb\x01\x68\x8d\x67\x9f\x7d\x56\x7e\x5b\x7a\x5f\x3a\x9d\
\x96\xef\x53\x29\x9f\xcf\xa7\xf3\xe8\xfe\x46\x81\x40\x40\xbe\x07\
\xa5\x26\x27\x27\xe5\xfd\x5a\x28\x9f\xcf\x7b\xe5\x82\x2c\xb1\x58\
\x4c\xbe\xfa\xf6\x99\x99\x99\x91\xaf\x0f\x8e\xfd\xd6\x6f\xfd\xd6\
\x6b\xaf\xbd\x26\x3f\xa7\xeb\xd0\xe1\x00\xbc\xe1\xa1\x87\x1e\xaa\
\x36\x45\xd1\xbb\x6c\x3b\xea\xa1\x50\x68\xd3\xde\xac\x2e\x0a\x05\
\xa5\x94\xed\x04\x43\xdb\xb7\xd6\x32\xa6\x69\xc6\xe3\xf1\xeb\xd7\
\xaf\xeb\x3f\xbd\x63\x62\x62\x42\x93\x15\x2b\x0b\x0b\x0b\x1a\x76\
\x5c\x3c\x64\xd3\x9c\xe0\x34\x70\x78\xe6\xfb\x1f\xe8\x50\xa5\x52\
\xe9\xa1\x87\x1e\xea\xb0\x81\x15\xdb\xb3\xb2\x67\xb6\x77\xcc\x64\
\x54\x4f\x8f\x3a\x71\xe2\x9e\x77\xbc\x43\x1e\x52\xea\xf2\xe5\xcb\
\xb2\xd4\x0e\x9e\x98\xde\x71\xe4\xc8\x91\xd6\x8f\x40\x09\x85\x42\
\x61\x70\x70\xd0\xd5\xf5\xcc\x1d\xaf\x69\x81\x63\xd3\x27\x02\xe0\
\xb6\x4c\x26\xd3\x61\x5b\x81\x5d\xb9\x72\x45\x96\x94\xda\xb5\x6b\
\x97\x2c\x69\xa8\x5c\x56\xd6\x6f\xc3\xa7\x4f\x7f\x38\x91\xd8\x78\
\x71\x39\xdb\x2c\xd5\x2e\xd6\xf4\x0e\xab\xe1\xa1\xe1\x45\x68\xcb\
\xe5\xf2\xe0\xe0\x60\x1b\x67\x4e\x14\x8b\xc5\xc1\xc1\x41\xad\xfe\
\xcb\xbc\x68\xd3\x9c\xe0\x34\x70\xd0\xe1\x00\x74\xf0\xf1\x8f\x7f\
\xbc\x93\x56\xc9\xda\xfe\x88\xb7\xdd\xbe\x53\x3b\xa3\xa3\xd6\x78\
\x8a\x52\xea\x6d\xdf\xfa\xd6\xbc\x52\xe3\x4a\xad\xff\x29\x69\xfb\
\xd6\xda\xee\xd8\xb1\x63\xcf\x3d\xf7\x5c\x26\x93\x19\x1d\x1d\xd5\
\xaa\xe1\x51\x2c\x16\xf7\xee\xdd\xdb\x96\xbd\xb6\x16\x16\x16\x7a\
\x7b\x7b\xdb\x18\x77\x3a\xc6\xe6\x39\x41\x4e\xea\xa8\xe2\xeb\x5f\
\xff\xba\x7c\x24\x80\x76\x30\x0c\xe3\xb9\xe7\x9e\x93\xdf\xa2\xde\
\x64\xbb\x89\x45\xd3\x2f\xb8\xda\x7c\xb3\xb3\x15\xa5\x36\xde\xf2\
\x4a\x0d\xdd\x78\x17\x7e\xbf\x5f\x3e\x4a\x3f\xa9\x54\xaa\xaf\xaf\
\x4f\xab\xe4\x11\x8f\xc7\xe5\xab\x74\xd3\xcc\xcc\xcc\xe6\xa7\x49\
\x38\x73\xe1\xc2\x85\xda\x93\x46\x9d\x06\x8e\x7c\x3e\x2f\x9f\x1b\
\x40\x9b\x98\xa6\x79\xf5\xea\x55\xf9\x5d\xea\x41\xb6\xeb\x3b\xe6\
\xe7\xe7\xe5\xfd\xb4\xb2\xb2\x52\xf1\xfb\x37\xa6\x8d\xb5\x5b\x56\
\x29\x2b\x46\xc9\x07\xea\x2a\x9f\xcf\x4f\x4c\x4c\xe8\x93\x3c\x22\
\x91\x48\x6b\x96\x29\xc5\x62\x31\xf9\xb1\xb1\x05\x9f\xff\xfc\xe7\
\x6b\x6f\x8b\xec\xf4\x5b\xc2\x76\xa8\x15\x40\xbb\x04\x83\xc1\xda\
\xdf\xdb\x9e\x60\x3b\x7a\x92\xcf\xe7\xe5\xfd\xb4\x32\x3c\xbc\x31\
\x64\x6c\xbc\xcd\x2a\xf5\x7f\xff\xe4\x4f\xe4\x63\xf5\xb6\xb2\xb2\
\xa2\x49\xf2\xf0\xfb\xfd\x33\x33\x33\xf2\xf5\x35\x4f\x3a\x9d\xd6\
\xfc\x4a\x3d\x5e\x34\x3f\x3f\x5f\xfb\x87\x92\xd3\xc0\x71\xed\xda\
\x35\xc3\x30\xe4\xd3\x03\x68\x9f\x70\x38\x5c\xfb\xdb\x5b\x7f\xb6\
\x0b\x52\xb2\xd9\xac\xbc\x9f\x3e\x66\x66\x36\x66\x8b\x5a\xb7\x68\
\xb4\xb2\xbc\x2c\x9f\x44\x7b\x9a\x24\x8f\x60\x30\xd8\xf4\xab\xd2\
\x64\xb3\x59\xdb\x65\xcc\xd8\xba\xbf\xfe\xeb\xbf\xae\xfd\x13\xc9\
\x69\xe0\xa8\x54\x2a\xf7\xdc\x73\x8f\x7c\x7a\x00\x6d\xe5\xf5\xcc\
\x61\x3b\x87\x63\x76\x76\x56\xde\x4f\x13\xcb\xcb\xb5\x07\x53\xec\
\x6f\x3e\x5f\x25\x1e\xaf\xac\xac\xc8\x67\xf3\x02\x1d\x92\x47\x7f\
\x7f\x7f\x53\x32\x68\x3e\x9f\x8f\x46\xa3\xf2\xd9\xd1\x24\x6f\x7e\
\xf3\x9b\xbf\xfd\xed\x6f\xcb\x4f\xfa\xcd\xea\x08\x1c\x3f\xfe\xe3\
\x3f\x2e\x3f\x02\x80\x76\x1b\x1e\x1e\xf6\x6e\xe6\x18\x1a\x5a\x9b\
\x64\xf9\x86\xa9\xa9\x29\x79\x3f\x4d\x0c\x0d\xc9\x30\xe1\xfc\xe6\
\xf7\x57\x12\x09\xf9\x84\x9e\x92\x4a\xa5\x46\x47\x47\x77\xec\xd8\
\x21\xff\xc3\x5a\xc2\x34\xcd\x58\x2c\xd6\x40\xc3\x23\x9b\xcd\xc6\
\xe3\x71\x06\x50\xdc\xe6\xf7\xfb\x5f\x79\xe5\x15\xf9\xd9\xbf\x59\
\x1d\x81\xe3\xc0\x81\x03\xf2\x23\x00\xd0\x40\x2c\x16\xf3\x68\xe6\
\xb0\x9d\xb5\xd7\xe2\x75\x0a\x4e\x4d\x4d\xc9\x0c\xd1\xc0\xcd\x34\
\x2b\xfa\xaf\xc1\xd9\x4c\x26\x93\x69\x63\xdb\xc3\x30\x8c\xe1\xe1\
\xe1\xf1\xf1\xf1\x74\x3a\x9d\x4e\xa7\x97\x6f\x1e\xb1\x5a\x5d\x5d\
\xb5\xea\x89\x44\x22\x1a\x8d\xda\x8e\xd9\xc1\x0d\x3f\xfa\xa3\x3f\
\xda\xcc\xc0\xf1\x6f\xff\xed\xbf\x95\x1f\x01\x80\x1e\x3c\xda\xe7\
\x18\x1f\x1f\x97\xef\x44\xa9\x68\x34\x2a\xef\xa7\x83\xfe\x7e\x99\
\x1e\x1a\xbe\x85\x42\x15\x6d\x87\x8d\xea\x64\xb5\x3d\x7a\x7b\x7b\
\xdb\x12\x3e\xd6\xf8\x7c\x3e\xdb\x09\xc8\x68\x99\x7d\xfb\xf6\xbd\
\xfa\xea\xab\xf2\xeb\xe3\x66\x75\x04\x0e\xdb\xdf\x45\x00\x68\xc2\
\x8b\xf3\x39\xa6\xa6\xa6\xe4\xdb\x50\x2a\x12\x89\xc8\xfb\x69\x62\
\x7c\xbc\xe2\xf3\xc9\xf4\xd0\xf0\xcd\x34\x2b\x93\x93\x1e\x9d\xdb\
\xb1\xd1\xca\xca\xca\xf4\xf4\xb4\x0e\xe1\x03\x6d\x31\x38\x38\xd8\
\xcc\xc0\xf1\x89\x4f\x7c\x42\x7e\x04\x00\x3a\xf1\x5c\xe6\xb0\xbd\
\x5a\xac\x61\x18\xf2\x7e\xfa\x58\x5c\xac\x84\x42\x32\x3a\x6c\xe5\
\x66\x18\x95\x68\xb4\xa2\xf9\x4a\xe0\xfa\xa5\x52\xa9\x93\x27\x4f\
\xb6\x6b\xd8\x05\xad\xf7\x91\x8f\x7c\xe4\xda\xb5\x6b\xf2\xeb\xe0\
\x66\x75\x04\x8e\xdf\xfb\xbd\xdf\x93\x1f\x01\x80\x66\xbc\x95\x39\
\xaa\xed\x28\xd8\xc0\xdc\xc0\x96\x6a\x6e\xab\xc3\xba\xf5\xf7\x77\
\xcc\x38\x8b\x90\x4a\xa5\x12\x89\xc4\xe0\xe0\x60\xbb\x26\x9c\xa2\
\x05\x7e\xe5\x57\x7e\xa5\x99\x81\xe3\x73\x9f\xfb\x9c\xfc\x08\x00\
\xf4\x13\x0c\x06\x3d\xb4\x0f\x69\x28\xb4\xf1\xc2\x67\x6a\x6c\x6c\
\x4c\xde\x4f\x37\xcb\xcb\x0e\x77\x00\xab\xef\x16\x08\x54\x26\x27\
\x2b\x2d\xd9\x67\xb3\x2d\xf2\xf9\xfc\x5a\xf3\x83\x19\x9d\x9d\xe4\
\xf4\xe9\xd3\xcd\x0c\x1c\x5f\xfa\xd2\x97\xe4\x47\x00\xa0\x25\x0f\
\x5d\x6f\x25\x1e\x8f\xcb\x57\xaf\x54\x20\x10\x90\xf7\xd3\x53\x36\
\x9b\xdb\xb9\x53\x86\x86\xad\xdf\x0c\xa3\x12\x8b\x75\xde\x38\x8b\
\xad\x54\x2a\x35\x35\x35\x35\x3a\x3a\xca\xf8\x8b\xa7\xfd\x97\xff\
\xf2\x5f\x6a\x5f\x48\xa5\x52\xa9\x6c\x73\x7e\xa9\xeb\x6f\x7d\xeb\
\x5b\xa6\x69\xbe\xfa\xea\xab\xf2\x00\x00\x2d\x3d\xfd\xf4\xd3\x83\
\x83\x83\xb2\xaa\x99\xa5\xa5\xa5\xdd\xbb\x77\xcb\xaa\x52\xf9\x7c\
\x5e\xff\xdf\x80\xcb\xe5\xf2\xce\x9d\x3b\x83\xa5\x52\x42\x29\x57\
\xf6\x79\x88\x44\xd4\x47\x3f\xaa\xba\x69\x67\xcc\x42\xa1\x70\xe9\
\xd2\xa5\x5c\x2e\x57\x58\x47\xde\x09\xfa\xf9\xef\xff\xfd\xbf\xff\
\xc4\x4f\xfc\xc4\x26\x91\x51\x26\x90\x9a\x7e\xe8\x87\x7e\x48\x3e\
\x1e\x80\xc6\x1e\x7b\xec\x31\xfd\xa7\x74\xd8\x06\x8b\xf1\xf1\x71\
\x79\x3f\xfd\x24\x93\xc9\xb5\x17\x3c\xac\xd4\xf2\xc6\x5e\x45\x53\
\x6e\x81\x40\x25\x1e\xef\x92\x86\x87\xad\xb5\x81\x98\x58\x2c\xc6\
\x58\x8c\x86\x6e\xbb\xed\xb6\x17\x5f\x7c\x51\xfe\xb7\x6d\x50\x47\
\x87\x43\x29\xf5\x2f\xfe\xc5\xbf\xf8\xfc\xe7\x3f\x2f\xab\x00\x34\
\x16\x0e\x87\x9f\x7d\xf6\xd9\x4d\x7e\xf3\x68\xab\x13\x27\x4e\x9c\
\x3e\x7d\x5a\x14\xfd\x7e\xff\xe2\xe2\xa2\xe6\x97\x70\xea\xed\xed\
\xcd\xe5\x72\x6b\xff\xf4\x29\x15\x53\xea\x57\x6f\xbd\xf5\xad\xd7\
\xae\xdd\x74\xbf\x66\x09\x06\xd5\xa1\x43\x2a\x12\x51\x9c\x71\x6f\
\xf4\x42\x2a\x95\x4a\xa1\x50\x28\x95\x4a\x97\x2f\x5f\xb6\xfe\x52\
\x2a\x95\x68\x8a\xb4\x58\x20\x10\xf8\xea\x57\xbf\xfa\xa6\x37\xbd\
\x49\x1e\xb8\x59\x7d\x81\xe3\xe7\x7f\xfe\xe7\x3f\xf5\xa9\x4f\xc9\
\x2a\x00\xbd\x05\x83\xc1\x73\xe7\xce\xf5\xf6\xf6\xca\x03\x7a\xc8\
\x64\x32\x7d\x7d\x7d\xb2\xaa\x54\x2c\x16\x4b\x24\x12\xb2\xaa\x8d\
\x54\x2a\x65\x3b\x62\x75\xee\xcc\x99\x91\xbf\xf9\x1b\x75\xf6\xac\
\x2a\x97\xe5\xb1\x66\x09\x06\xd5\x47\x3f\xaa\x22\x11\xc5\x6e\x57\
\x55\x58\xe1\x63\xed\x4f\xa5\xd4\xcb\x2f\xbf\xbc\xf6\x77\x2b\x97\
\x5c\xbe\x7c\xb9\xae\x33\xa0\xe7\xac\xe5\x75\xeb\x2f\xeb\xe3\xbb\
\x38\xb4\xb1\x5e\x4d\xa9\x54\xda\x58\xf9\xf1\x1f\xff\xf1\xff\xf8\
\x1f\xff\xe3\xf6\xed\xdb\xc5\x21\xa1\xbe\xc0\xf1\xc9\x4f\x7e\xf2\
\xd7\x7e\xed\xd7\x64\x15\x80\x17\x9c\x39\x73\x26\x16\x8b\xe9\xd9\
\xea\x10\xad\x02\x8b\xcf\xe7\xcb\xe7\xf3\x7a\xee\x20\x59\x2e\x97\
\x7b\x7a\x7a\x8a\xc5\xa2\xa8\xbf\xf1\x9a\x0b\x05\x75\xe2\x84\x3a\
\x7f\x5e\xdc\xa1\xc9\xc2\x61\xf5\xf0\xc3\x24\x8f\xad\xb0\xc2\xc7\
\x9a\xb5\xe2\xda\x21\xab\xf2\xf2\xcb\x2f\xdb\x9e\x6e\x9b\x65\xfd\
\x99\xfe\xf6\xdb\x6f\xb7\xcd\x04\x22\x37\x38\xf9\x8b\x5e\xe4\x18\
\x4b\x4d\x9f\xfd\xec\x67\xe5\xe3\x01\x78\x47\x38\x1c\xd6\x73\xc5\
\xec\xfa\xc9\x10\xeb\x0d\x0f\x0f\xcb\xbb\xea\xa1\x5a\xeb\x45\x2e\
\xe8\xcd\x66\x2b\xe1\xb0\x9c\x93\xd1\xf4\x9b\x9e\x57\x9f\x01\x6e\
\x56\x5f\x87\xe3\x4b\x5f\xfa\xd2\x03\x0f\x3c\x20\xab\x00\xbc\xc3\
\x30\x8c\x73\xe7\xce\xd9\x8e\x05\xb4\x97\x6d\x93\x43\x29\x95\xcd\
\x66\x75\xbb\xd4\x67\xa9\x54\xda\xbd\x7b\xf7\xc6\xf6\x86\xdf\xef\
\xcf\xe7\xf3\x3e\x9f\x4f\xd4\x55\x26\xa3\x1e\x7f\x5c\xcd\xcd\xc9\
\x7a\xb3\x2c\x2e\xaa\x40\x40\x16\xa1\x87\x62\xb1\xb8\xb4\xb4\xa4\
\x94\x5a\x58\x58\x28\x97\xcb\x57\xae\x5c\xb1\xfe\x69\x31\x4d\x73\
\xd7\xae\x5d\xd6\x2f\x03\xd6\x3f\x3b\x79\x4a\xac\x4c\x20\x35\xbd\
\xf8\xe2\x8b\xb7\xde\x7a\xab\x7c\x0a\x00\x5e\x73\xec\xd8\x31\xdd\
\x56\xaf\xd8\x6e\x73\x6e\xfd\x08\x5e\xd1\xec\x82\x23\xfd\x55\xd6\
\xa9\x26\x6a\x5f\x80\x3e\x9f\xaf\x44\xa3\x15\xc3\x90\xfd\x89\x2d\
\xde\xbc\xb2\x67\x49\x97\xc9\xe7\xf3\x89\x44\xc2\x8a\x11\x75\x09\
\x04\x02\xf1\x78\x7c\x71\x71\x51\x3e\xa3\xf7\xd5\x17\x38\x2a\x95\
\x8a\x9e\xe3\xa9\x00\xea\x15\x0c\x06\x5f\x78\xe1\x05\xf9\x1d\xde\
\x56\x91\x48\x44\xbe\x4a\xa5\x94\x52\xfd\xfd\xfd\xf2\xae\xed\x33\
\x36\x36\x26\x5f\x9f\x52\x56\x7b\x63\xd5\xc9\x0e\xa1\x2b\x2b\x95\
\x44\xa2\x62\x9a\x32\x37\x34\x7c\xf3\xc2\xfa\xe1\xee\xb1\xb8\xb8\
\x38\x3e\x3e\xde\x94\x9e\x9c\x69\x9a\xb1\x58\x2c\x9b\xcd\xca\x8f\
\xe1\x59\x75\x07\x8e\x87\x1f\x7e\x58\x7e\x56\x00\x78\x96\x56\xad\
\x8e\x6c\x36\x2b\x5f\xdf\x0d\x72\x6e\x44\x9b\x54\x9b\x6b\xa2\x94\
\x4a\x26\x93\xf2\xde\xb5\x25\x93\xcd\x99\xde\xd1\xc5\xfb\x73\x68\
\x25\x9d\x4e\x37\x25\x67\x6c\x64\x9a\xe6\xcc\xcc\x8c\xfc\x78\x1e\
\x54\x77\xe0\xe0\x9a\xb1\x40\x87\x09\x06\x83\x4f\x3f\xfd\xb4\xfc\
\x56\x6f\x93\xa1\xa1\x21\xf9\xfa\x6e\xa8\xfb\x8c\xde\x6c\x8b\x8b\
\x8b\x36\xf3\x33\x94\x52\x4a\x85\x42\x21\x79\x6f\x87\x16\x17\x2b\
\xc3\xc3\x8d\x5f\x0a\xae\xe1\x8f\x8b\xe6\x59\x5c\x5c\xac\x36\xca\
\xd6\x44\xc1\x60\x50\xf7\x8b\x1a\x6e\xa6\xee\xc0\x51\x23\xe0\x03\
\xf0\xae\x43\x87\x0e\xe9\xb0\x80\x65\x75\x75\x35\x50\x65\xfe\xa3\
\xcf\xe7\x9b\x6d\xdf\xf5\x54\x17\x17\x17\xab\xcd\xe6\x33\x0c\x23\
\xbf\xc5\x36\xc3\xca\x4a\x65\x7c\xbc\xe2\xf7\xcb\x3c\xb1\xe9\x8d\
\xf1\x94\xb6\x5a\x5e\x5e\x8e\x46\xa3\xf2\x0b\xc2\x4d\xfd\xfd\xfd\
\xde\x9d\xde\x51\x77\xe0\xf8\xc6\x37\xbe\x51\x2d\xe3\x03\xf0\xba\
\x73\xe7\xce\xb5\x7d\x84\x25\x9f\xcf\xd7\xd8\x45\x60\x93\x89\x99\
\xee\x98\x9d\x9d\xad\xf1\x92\x9a\xf9\x7b\xe7\xcc\x4c\x25\x14\x92\
\xa9\xa2\xc6\x6d\x79\x59\x3e\x03\x5a\x25\x1e\x8f\xb7\xeb\x6c\x18\
\x8d\x46\x1d\x4d\x18\xd2\x4c\x7d\xcb\x62\x2d\xef\x79\xcf\x7b\xbe\
\xfc\xe5\x2f\xcb\x2a\x80\x8e\x60\x8d\xb0\xf4\xf4\xf4\xc8\x03\x2d\
\x34\x37\x37\x77\xe0\xc0\x01\x59\xbd\x21\x1a\x8d\x26\x12\x89\x96\
\xfd\xac\x9f\x98\x98\x18\x1d\x1d\x95\xd5\x1b\x12\x89\x44\x2c\x16\
\x93\xd5\x2d\xca\xe5\xd4\xef\xff\xbe\x4a\xa5\xd4\x86\x95\xb7\x37\
\x09\x87\x55\x95\xa5\x3d\x70\x55\xb9\x5c\x3e\x78\xf0\x60\x2a\x95\
\x92\x07\xaa\x30\x0c\x23\x18\x0c\x8a\x15\xb0\x96\x5c\x2e\x57\x2a\
\x95\xac\xb5\xb2\x4b\x4b\x4b\x1b\xd7\x5a\x57\x13\x0c\x06\x93\xc9\
\x64\xb5\xae\x9b\xa6\x64\x02\x71\x60\x78\x78\x58\x3e\x0b\x80\xce\
\x72\xec\xd8\xb1\xf6\xae\x61\x19\x1f\x1f\x97\xaf\x69\x9d\x70\x38\
\xdc\x82\xb5\xb2\xab\xab\xab\xb5\x1b\xe6\x43\x43\x43\xf2\x31\xcd\
\x95\x4e\x57\xa2\xd1\xaa\x43\x2d\x93\x93\xf2\xfe\xad\x91\xcd\x56\
\xd2\xe9\x8a\x07\x7f\xc3\x6e\x8a\x7c\x3e\xef\x70\x72\xa8\xdf\xef\
\x8f\x46\xa3\x75\xcd\x3d\xca\x66\xb3\xb1\x58\xcc\x61\x8c\xf0\xfb\
\xfd\xde\x5a\xc3\xd2\x48\xe0\xf8\x4f\xff\xe9\x3f\xc9\xf7\x0d\xa0\
\x13\xb5\x77\x0d\x4b\xb5\x55\xb2\x16\xbf\xdf\xef\xea\xf0\xca\xa6\
\xbf\x3e\x06\x83\xc1\xd6\xb5\xb5\x93\xc9\xca\xf0\xf0\x4d\x7b\x78\
\xf8\x7c\x6d\x1b\x4f\x89\xc5\x5e\x7f\x0d\x81\x40\xa5\xbf\xbf\x12\
\x8f\x57\x66\x66\x2a\xf3\xf3\xf2\x6e\x9d\x68\x7e\x7e\x7e\xd3\xbd\
\x21\x7c\x3e\x5f\x34\x1a\x9d\xdf\xda\x27\x64\x71\x71\x31\x1e\x8f\
\xd7\x18\xc8\xb3\xf8\x7c\x3e\x0f\x2d\x60\x69\x24\x70\xcc\xb9\xb7\
\x5f\x1e\x00\xcd\x58\x3b\x93\xb6\x25\x76\xac\xae\xae\xd6\xce\x1c\
\xd6\x8a\xc1\xba\x7e\x83\x74\x62\x7e\x7e\x3e\x14\x0a\xc9\x8f\x74\
\xb3\x60\x30\xb8\xd5\x89\xa2\x8d\x49\x26\x2b\x43\x43\x15\x9f\xaf\
\xd2\xc6\xbd\x49\x6a\xcc\x32\x09\x04\x2a\xe1\x70\x25\x1e\xaf\x4c\
\x4d\x55\x9a\x38\xb5\x45\x0f\x33\x33\x33\x9b\x0e\xe4\x0d\x0d\x0d\
\x2d\x37\x2f\x08\xae\xac\xac\x8c\x8d\x8d\x6d\xfa\x41\xe3\x1e\xd9\
\xdb\xbe\x91\xc0\xf1\xdd\xef\x7e\x97\xfd\x46\x81\xae\x62\x5d\x6f\
\xb6\x2d\xb1\xc3\xc9\x0c\x89\x50\x28\xd4\x94\x05\x2c\x8b\x8b\x8b\
\x9b\x46\x1c\xa5\x54\x24\x12\x69\x5d\x6f\xc3\xd6\xea\x6a\xdb\xb6\
\xdf\x58\x5d\xad\x6f\x11\xaf\x69\xbe\x1e\x41\x26\x27\x3d\x3d\x10\
\x33\x33\x33\x23\xbf\x0e\x6e\x16\x0e\x87\x5d\x1a\xe0\x58\x5e\x5e\
\xae\xb1\x5c\xdc\x12\x8b\xc5\xe4\xc3\xf4\xd3\x48\xe0\xa8\x54\x2a\
\xff\xf2\x5f\xfe\x4b\xf9\x76\x01\x74\xba\x76\xed\xd8\xe1\xe4\x37\
\xcb\xc6\x86\xcc\x2d\xf3\xf3\xf3\xce\x07\xce\x35\xd9\x82\xac\x6d\
\xb2\x59\x19\x29\xea\xbd\xf9\xfd\x95\x70\xf8\xf5\xb1\x98\xf1\xf1\
\x4a\x3a\xad\x7f\x2f\x64\x7e\x7e\xbe\xc6\x57\xa0\x61\x18\x4d\xc9\
\xbb\xb5\x65\xb3\xd9\x6a\x2b\xc6\x2d\x53\x53\x53\xf2\x31\x9a\x69\
\x30\x70\x9c\x3c\x79\x52\xbe\x57\x00\xdd\xa1\x2d\xdd\x0e\x27\x63\
\xe7\x6b\x0c\xc3\x18\x1a\x1a\x1a\x1f\x1f\x4f\xa7\xd3\xe9\x74\x5a\
\xb4\xb8\x57\x57\x57\xad\x7a\x22\x91\x88\x46\xa3\xce\x9f\xd6\x5b\
\xe3\xe5\x6e\x49\x24\x64\x80\x68\xe2\x2d\x14\xaa\x84\xc3\x95\xb1\
\xb1\x4a\x3c\x5e\x49\x26\x2b\xe9\x74\xdb\xe6\xa9\xac\xb3\xbc\xbc\
\x5c\xe3\x8b\x24\x10\x08\xb4\x6c\x63\x8c\x95\x95\x95\x1a\x17\x67\
\xf1\xf9\x7c\x5b\x9c\x38\xe2\xb6\x06\x03\xc7\x9f\xfe\xe9\x9f\xca\
\xf7\x0a\xa0\x9b\xb4\x3e\x76\xe4\xf3\xf9\x4d\xa7\x56\xd4\xe0\xf3\
\xf9\x6a\x9c\x36\x36\xe5\xf7\xfb\x35\xff\x69\xde\x22\xc3\xc3\x32\
\x25\xb4\xe0\x66\x4d\x0d\x19\x1e\xae\xc4\xe3\x95\x78\xfc\xf5\xa6\
\x48\x4b\xfa\x22\xab\xab\xab\x35\xbe\xea\x5a\xb3\x5a\x6a\xbd\xd5\
\xd5\xd5\x1a\x0b\x45\x4d\xd3\x6c\xe2\x0c\x92\xa6\x6b\x30\x70\xbc\
\xf4\xd2\x4b\x77\xdf\x7d\xb7\x7c\xaf\x00\xba\x4c\xeb\x63\xc7\xd4\
\xd4\xd4\x56\x72\x43\x03\x0c\xc3\x18\x1f\x1f\x6f\xf3\xa4\x0d\x7d\
\x04\x02\x32\x0d\xe8\x70\x0b\x87\x2b\xe1\x70\xc5\x85\x29\x14\x35\
\xd6\x45\x0f\x0f\x0f\xb7\xeb\xab\x22\x91\x48\xc8\x57\x73\x43\x28\
\x14\x6a\xd7\xab\xda\x54\x83\x81\xa3\xf6\x25\x0f\x00\x74\x95\x16\
\xc7\x8e\xd5\xd5\xd5\xf1\xf1\xf1\x4d\x57\x0c\x36\x45\x2c\x16\x6b\
\xf1\xaf\xb0\x5a\x5b\x59\x91\x67\x7a\xad\x6e\xcd\x6e\x41\x4d\x4d\
\x4d\xc9\x2f\x88\x1b\xa2\xd1\xa8\xbc\x77\x6b\xd5\xc8\x1c\x6d\x7f\
\x6d\xd5\x34\x1e\x38\xce\x9c\x39\x23\xdf\x25\x80\xee\xd6\xca\xed\
\xc2\x56\x56\x56\x9c\x2c\x60\x69\x58\x24\x12\x69\xcf\xc2\x57\x9d\
\xcd\xce\xca\x73\xbc\x56\xb7\xa6\xfe\x7f\xd5\x98\xba\xf1\x46\x17\
\x61\x75\xb5\x95\xe3\x3b\x42\x8d\xb1\x15\x97\xd6\xcb\x6c\x51\x23\
\x5b\x9b\x5b\xbe\xf4\xa5\x2f\x3d\xf0\xc0\x03\xb2\x0a\xa0\xeb\x45\
\x22\x91\x47\x1e\x79\xa4\xaf\xaf\x4f\x1e\x70\x41\xa1\x50\x48\xa5\
\x52\x4f\x3e\xf9\x64\x2e\x97\x93\xc7\x1a\x12\x08\x04\xfa\xfb\xfb\
\x3f\xfa\xd1\x8f\xd6\x5e\x11\xd0\xa5\x4e\x9f\x56\x27\x4e\xc8\xa2\
\x3e\x56\x57\x55\xf5\xb5\x24\xf5\x1a\x1d\x1d\x9d\x98\x98\x90\x55\
\xa5\x4c\xd3\x7c\x63\x0a\x73\xa1\xa0\x6a\x5c\x04\x20\x14\xda\xe4\
\xf5\xf8\x7c\xea\xfe\xfb\x65\x71\xbd\xea\x53\x44\x95\x52\xaf\xbc\
\xf2\xca\xe8\xe8\xe8\x5f\xfd\xd5\x5f\xc9\x03\x4a\x3d\xf0\xc0\x03\
\x9f\xf8\x9d\xdf\x51\xce\x76\x44\x6d\x1d\x99\x40\x1c\x7b\xe5\x95\
\x57\x1c\x6e\xef\x0a\xa0\x0b\xb5\x78\x9c\x25\x9f\xcf\x4f\x4e\x4e\
\xd6\x98\xc3\x5f\x5b\x30\x18\x8c\xc7\xe3\x2d\x5b\x6e\xe0\x55\x91\
\x88\x6c\x2a\x68\x75\x6b\x9e\xe5\xe5\x65\xdb\x75\xb0\x72\x25\x48\
\x3e\x2f\x5f\x83\x36\xb7\xbf\x7b\xd7\xbb\xd6\xbf\x23\x1d\x34\xde\
\xe1\x50\x4a\xfd\xdc\xcf\xfd\xdc\xa7\x3f\xfd\x69\x59\x05\x80\x75\
\x8e\x1d\x3b\x76\xec\xd8\xb1\x96\x5d\x0d\xae\x58\x2c\xa6\x52\xa9\
\x62\xb1\x78\xf9\xf2\xe5\x42\xa1\xa0\x94\xca\x64\x32\xe2\x3e\xa1\
\x50\xc8\x5a\xb4\x72\xef\xbd\xf7\x1a\x86\x11\x89\x44\x1c\x6e\xc2\
\xd1\xed\x76\xee\xdc\xe4\x7a\x72\x6d\x64\x9a\x2a\x9f\x97\xc5\x46\
\x1d\x39\x72\xe4\xec\xd9\xb3\xb2\xaa\xd4\xd4\xd4\xd4\x4d\x03\x19\
\xb5\x3b\x1c\x6d\xf5\xe5\xb7\xbe\xf5\xc7\xbe\xfb\x5d\x59\x6d\x2f\
\x99\x40\xea\x71\xfe\xfc\x79\xf9\x74\x00\x60\x67\x60\x60\xa0\x95\
\x0d\x8f\x8d\xf2\xf9\x3c\x0d\x8c\xad\x9a\x9a\xaa\x44\xa3\x95\x60\
\x70\xe3\xef\xd3\xed\xbf\x05\x83\xf2\xd5\x36\x2a\x9b\xcd\xca\x2f\
\x5f\xa5\xac\x36\x98\xbc\x6b\x3a\x2d\x5f\x86\x36\xb7\xb4\x52\x0d\
\x6c\x82\xe7\xaa\x2d\x05\x8e\x62\xb1\xf8\x23\x3f\xf2\x23\xf2\xff\
\x04\x00\xaa\x3b\x76\xec\xd8\xb3\xcf\x3e\x2b\x7f\x9a\xc0\x73\xb2\
\xd9\x4a\x32\x59\x89\xc7\x2b\x43\x43\xb5\xae\xae\xd2\xb2\x5b\x38\
\x2c\x5f\x61\xa3\xaa\x6d\x6f\x9f\xde\x38\x33\x54\xef\xc0\x61\x9a\
\xa6\x56\x4b\x64\xb7\x14\x38\x2a\x95\xca\x2f\xfe\xe2\x2f\xca\xff\
\x13\x00\xd8\x8c\x69\x9a\xad\x5c\xd2\x82\x56\x58\x5c\xac\xa4\xd3\
\x95\x78\xbc\x32\x3c\x5c\x09\x87\xeb\xbb\xe4\xca\xd6\x6f\xc3\xc3\
\xf2\xf5\x34\x24\x5f\x65\x5c\x26\x12\x89\xc8\xbb\x6a\x1f\x38\x94\
\x52\x5a\xed\x8d\xbb\xd5\xc0\xf1\xb9\xcf\x7d\x4e\xfe\xb7\x00\x80\
\x63\xe1\x70\xf8\xcc\x99\x33\x57\xaf\x5e\x95\x3f\x5c\xd0\x01\x96\
\x97\x2b\xe9\x74\x65\x7c\xbc\x12\x8b\x55\xc2\xe1\x8a\x61\x6c\x3c\
\x2f\x36\xed\xd6\xa4\xab\x97\x8d\x8f\x8f\xcb\xaf\x51\xa5\xaa\x2e\
\x34\x9d\x99\x91\x2f\x43\x9b\x9b\x15\x38\x86\x9b\x94\xc3\x9a\x62\
\xab\x81\xe3\xa5\x97\x5e\xfa\x27\xff\xe4\x9f\xc8\xff\x19\x00\xa8\
\x53\xdb\x27\x79\xa0\x45\xe6\xe7\x5f\x4f\x21\xf1\x78\x25\x12\x69\
\x5a\x10\x69\xd2\x25\xda\x6d\x17\x3a\x55\xdd\x4a\x6b\x6a\x4a\xbe\
\x0c\x6d\x6e\xd6\xc5\x6d\x0d\xc3\xd0\x67\x54\x65\xab\x81\xa3\x52\
\xa9\x1c\x3d\x7a\x54\xfe\xe7\x00\x40\xa3\xac\xe4\x41\xcf\xa3\xeb\
\x64\xb3\x95\x74\xba\x32\x39\xf9\xfa\xbc\x90\x70\xb8\x62\x9a\x1b\
\xcf\xa3\x55\x6f\xcd\xb8\x56\xea\xf2\xf2\xb2\xfc\x72\x54\xca\x7e\
\xf6\x86\x45\xe3\xc0\xb1\xb6\x49\x6a\xd5\x17\xdf\x72\x5b\x5a\x16\
\x6b\x49\x26\x93\x0f\x3d\xf4\x90\xac\x02\xc0\xd6\x0c\x0c\x0c\x04\
\x83\xc1\x43\x87\x0e\xb5\x6c\x49\x2d\x74\x54\x28\xbc\x71\x53\x4a\
\x3d\xff\xfc\xeb\x4b\x73\x73\x39\x55\x2a\xbd\x71\xb7\x64\x52\x55\
\x99\xec\xe9\xdc\xf4\xf4\xf4\xc8\xc8\x88\x28\x1a\x86\xb1\xb2\xb2\
\x22\x8a\xaf\x9b\x98\x50\xa3\xa3\xb2\xa8\x87\x69\xa5\xac\x77\x12\
\x8d\x46\x27\x27\x27\xe5\xe1\xb6\x90\x09\xa4\x7e\xaf\xbe\xfa\xea\
\x9d\x77\xde\x29\x9f\x17\x00\x9a\x24\x1c\x0e\xc7\xe3\xf1\xe7\x9e\
\x7b\x4e\xfe\xf4\x01\xd6\xc6\x68\x9a\x71\xc9\x9b\xfe\xfe\x7e\xf9\
\xc5\x57\x7b\x1a\x44\x3c\xbe\xb1\xb5\xa0\xc9\x6d\xad\xc3\x61\x9a\
\xa6\x7c\xd9\x6d\x72\xcb\xcd\x9f\xd8\x46\xdc\x7a\xeb\xad\x1f\xfd\
\xe8\x47\x65\x15\x00\x9a\x24\x93\xc9\x9c\x3a\x75\xea\xbe\xfb\xee\
\xdb\xb1\x63\x47\x2c\x16\x4b\xa7\xad\xf9\x70\x80\x52\xd6\x0e\xe2\
\xe1\xb0\xda\xf2\xc5\xfc\xca\xe5\xf2\xc6\x3d\xe2\x94\x52\x0f\x3e\
\xf8\xa0\x2c\x79\x4a\xa1\x50\x58\x58\x58\x90\xd5\x76\x68\x42\xe0\
\x50\x4a\xbd\xef\x7d\xef\xfb\x81\x1f\xf8\x01\x59\x05\x80\xa6\x2a\
\x95\x4a\x4f\x3c\xf1\xc4\xfe\xfd\xfb\xb7\x6d\xdb\x16\x89\x44\x4e\
\x9e\x3c\x59\x6d\x8f\x26\xa0\x5e\x0b\x0b\x0b\xe5\x72\x59\x14\x7d\
\x3e\x5f\xb5\x6d\x39\x94\xb5\xbd\x69\x38\xfc\xfa\x4d\x63\xcd\xba\
\xd2\xd0\x16\x35\x61\x0e\x87\xe5\xc3\x1f\xfe\xf0\x67\x3e\xf3\x19\
\x59\x05\x00\xf7\x0d\x0c\x0c\x84\xc3\xe1\x43\x87\x0e\xed\xd8\xb1\
\x43\x1e\x03\x9c\x39\x7f\xfe\xfc\xc1\x83\x07\x45\x31\x1c\x0e\x6f\
\xa9\xa3\xb6\xb0\xa0\x36\x84\x98\x37\xac\x4d\x4c\xb1\xf5\xfd\xef\
\xab\xfa\x3b\x13\xdf\xfc\xe6\x37\x5f\x7c\xf1\x45\xa5\xd4\x33\x4a\
\x9d\xbe\x51\x8c\xc7\xe3\x27\x4f\x9e\xbc\xf9\x8e\xed\x20\xc7\x58\
\x1a\x35\x33\x63\xad\xc1\x01\x80\xb6\xb1\xf6\x13\x4b\x26\x93\x2c\
\xaf\x45\xbd\x12\x89\x84\xfc\x7a\xaa\x3d\x81\x43\x4b\x3a\xbf\x8b\
\xe6\x0c\xa9\x58\xa3\x2a\x3f\xf5\x53\x3f\x25\xab\x00\xd0\x42\x85\
\x42\xe1\x89\x27\x9e\x18\x1c\x1c\xbc\xe5\x96\x5b\xfa\xfa\xfa\x46\
\x47\x47\x53\xa9\x54\x69\xfd\x5a\x06\xa0\x8a\x2b\x57\xae\xc8\x92\
\x52\xbb\x76\xed\x92\x25\xbd\xf9\xfd\x7e\x59\x52\xaa\xa8\xc7\x25\
\xf7\x9a\x16\x38\xfe\xe1\x3f\xfc\x87\xef\x7b\xdf\xfb\x64\x15\x00\
\xda\x24\x93\xc9\x4c\x4c\x4c\x0c\x0e\x0e\xee\xd8\xb1\xa3\xa7\xa7\
\x67\x64\x64\x64\x62\x62\xc2\x76\x56\x20\x50\xed\xac\x6c\x7b\xfe\
\xd6\x99\xed\x0b\xb6\x7d\x6b\xad\xd7\xb4\x39\x1c\x4a\xa9\xff\xf5\
\xbf\xfe\xd7\x4f\xff\xf4\x4f\x5b\xd7\x83\x06\x00\x6d\x0d\x0c\x0c\
\xf4\xf4\xf4\xec\xdb\xb7\x2f\x1c\x0e\x1b\x5b\x5e\xdd\x80\xce\xd0\
\xd7\xd7\xb7\x31\x8f\x26\x93\xc9\x5a\x93\x46\xf5\x53\x28\x14\x36\
\xee\x5b\xe3\xf7\xfb\xab\xed\x69\xd6\x4a\xcd\x0c\x1c\x4a\xa9\x9f\
\xfb\xb9\x9f\xfb\xf4\xa7\x3f\x2d\xab\x00\xa0\x2b\xd3\x34\xc3\xe1\
\xf0\x9e\x3d\x7b\x82\xc1\xa0\xed\xb6\xd6\xe8\x12\xbb\x77\xef\x5e\
\x5a\x5a\x12\xc5\xf9\xf9\xf9\x50\x28\x24\x8a\x3a\x2b\x97\xcb\xb7\
\xdd\x76\x9b\xac\x2a\xd5\xdc\x73\x7d\x63\x9a\x1c\x38\x2e\x5e\xbc\
\xf8\x81\x0f\x7c\xe0\x6f\xff\xf6\x6f\xe5\x01\x00\xf0\x02\xd3\x34\
\x83\xc1\xe0\x9e\x3d\x7b\xf6\xed\xdb\xd7\xdb\xdb\x4b\xff\xa3\x7b\
\xec\xdc\xb9\x73\xe3\xd0\x43\x3e\x9f\x37\x4d\x53\x14\x35\xb7\x63\
\xc7\x8e\x8d\xf3\x96\x74\x78\x23\x4d\x0e\x1c\x4a\xa9\xa3\x47\x8f\
\xfe\xee\xef\xfe\xae\xac\x02\x80\x37\x59\xe3\x2f\x56\x0b\x24\x18\
\x0c\xca\xc3\xe8\x14\x3d\x3d\x3d\x1b\xa7\x04\x64\xb3\x59\xcf\xfd\
\xa7\x6f\xdb\xb6\x4d\x96\x94\x5a\x5d\x5d\xf5\xf9\x7c\xb2\xda\x5a\
\xcd\x0f\x1c\x7f\xfe\xe7\x7f\xfe\xf0\xc3\x0f\x6f\xcc\x89\x00\xd0\
\x01\xac\xd8\xb1\x6b\xd7\xae\x7d\xfb\xf6\xf5\xf4\xf4\xb4\xfd\xb7\
\x46\x34\x8b\xed\x1c\x8e\xd9\xd9\x59\xdb\xfd\xce\xb5\x55\x2c\x16\
\x77\xee\xdc\x29\x8a\xb5\x2e\x07\xd3\x42\xcd\x0f\x1c\x4a\xa9\x47\
\x1e\x79\xe4\x77\x7e\xe7\x77\x64\x15\x00\x3a\x91\x95\x3c\x76\xed\
\xda\x65\x9a\xa6\x69\x9a\xfb\xf6\xed\xb3\xfd\x15\x13\x9a\x3b\x78\
\xf0\xe0\xf9\xf3\xe7\x45\x71\x6a\x6a\x6a\x78\x78\x58\x14\x75\x96\
\xcb\xe5\x7a\x7b\x7b\x45\x31\x10\x08\x2c\x2e\x2e\x8a\x62\xeb\x35\
\x6d\x59\xec\x7a\x1f\xf8\xc0\x07\x36\x26\x2c\x00\xe8\x48\x17\x2f\
\x5e\x9c\x9e\x9e\x3e\x75\xea\xd4\xc8\xc8\x48\x5f\x5f\xdf\x2d\xb7\
\xdc\xd2\xd3\xd3\x33\x38\x38\x38\x3a\x3a\x6a\x2d\xc4\xdd\xd8\xa8\
\x87\x86\x6c\x17\x94\x7a\xee\xff\xce\x76\x78\xc1\xf6\xad\xb5\x9e\
\x2b\x81\xe3\x81\x07\x1e\xf8\xc0\x07\x3e\x20\xab\x00\xd0\x1d\x0a\
\x85\x42\x2a\x95\x9a\x98\x98\x18\x1d\x1d\xed\xeb\xeb\xeb\xe9\xe9\
\xd9\xb6\x6d\x5b\x38\x1c\x1e\x19\x19\x39\x79\xf2\xe4\xf4\xf4\x34\
\x29\x44\x43\x77\xdd\x75\x97\x2c\x55\xd9\x0d\x4c\x67\xb6\x81\x43\
\x93\x81\x3f\x57\x86\x54\xac\xed\xdc\x77\xef\xde\x7d\xed\xda\x35\
\x79\x00\x00\x70\x83\xb5\x28\xc6\x30\x8c\xb5\x11\x19\xeb\x9f\xf2\
\x7e\x70\xdf\xf4\xf4\xf4\xc8\xc8\x88\x28\x46\x22\x91\x64\x32\x29\
\x8a\x3a\x3b\x79\xf2\xe4\xa9\x53\xa7\x44\x71\x6c\x6c\x6c\x7c\x7c\
\x5c\x14\x5b\xcf\xad\xc0\xa1\x94\x7a\xec\xb1\xc7\x3e\xf1\x89\x4f\
\xc8\x2a\x00\x60\x33\x56\xf2\x30\x4d\xf3\xf6\xdb\x6f\xb7\x26\x85\
\x10\x44\xdc\x96\xc9\x64\xfa\xfa\xfa\x44\x51\x93\xe9\x96\xce\xd9\
\x4e\x7d\x4d\x24\x12\xb1\x58\x4c\x14\x5b\xcf\xc5\xc0\x51\x28\x14\
\x46\x46\x46\x36\xbe\x73\x00\x40\x63\x36\x76\x44\xac\x85\x33\x64\
\x91\xad\xb3\xdd\xa3\x53\x29\x95\x4e\xa7\xbd\xb2\x23\x5c\xa9\x54\
\xda\xb9\x73\x67\x79\xc3\xf5\x69\x35\x59\x6b\xe3\x62\xe0\x50\x4a\
\x7d\xe6\x33\x9f\x39\x7c\xf8\x30\x03\x2b\x00\xe0\x36\xdb\x2c\xb2\
\xf6\x17\x38\xb1\x77\xef\xde\x85\x0d\x57\x84\xd7\x64\x3c\xc2\x89\
\xf3\xe7\xcf\x1f\x3c\x78\x50\x14\x7d\x3e\xdf\xca\xca\x4a\xdb\x37\
\xe1\x70\x3d\x70\x28\xa5\x7e\xfe\xe7\x7f\xfe\x53\x9f\xfa\x94\xac\
\x02\x00\x5a\xc5\x30\x0c\xc3\x30\xac\x38\x62\x18\xc6\xed\xb7\xdf\
\x4e\x22\xb1\x65\x3b\x01\x42\x93\x35\xa5\x4e\xd8\xae\xec\x1d\x1a\
\x1a\x9a\x99\x99\x11\xc5\xb6\x70\x3d\x70\xcc\xcf\xcf\x1f\x3e\x7c\
\x78\xe3\x06\xf5\x00\x00\x4d\x58\x41\x64\xcf\x9e\x3d\xdb\xb6\x6d\
\xb3\x26\x8e\x74\x67\x22\x59\x5a\x5a\xda\xbd\x7b\xb7\xac\xea\xb1\
\x2f\xf8\xa6\xca\xe5\xf2\xce\x9d\x3b\x37\x6e\x6a\xae\xcf\x56\x22\
\xae\x07\x0e\xa5\xd4\x6f\xfc\xc6\x6f\x1c\x3f\x7e\x5c\x56\x01\x00\
\xde\x61\x9a\xa6\x95\x48\x3a\x7b\xd4\xc6\x76\x83\xf3\xf1\xf1\xf1\
\xb1\xb1\x31\x51\xd4\x4d\x2a\x95\x1a\x1c\x1c\x14\x45\x9f\xcf\xb7\
\xbc\xbc\xac\xc9\x14\x9f\x56\x04\x8e\x6b\xd7\xae\xed\xdd\xbb\xf7\
\xcb\x5f\xfe\xb2\x3c\x00\x00\xe8\x14\x56\xf2\xb0\x9a\x25\x6b\x03\
\x37\x56\xdd\xaa\x78\x22\x97\x9c\x38\x71\xe2\xf4\xe9\xd3\xa2\xe8\
\xf7\xfb\x17\x17\x17\x35\x39\x6d\x57\xd3\xdb\xdb\x9b\xcb\xe5\x44\
\x31\x1c\x0e\xa7\xd3\x69\x51\x6c\x97\x56\x04\x0e\x6b\x27\xbe\x47\
\x1e\x79\xe4\xab\x5f\xfd\xaa\x3c\x00\x00\xe8\x26\x56\xfe\xb0\xc2\
\x87\xd5\x2c\x59\x1f\x47\xd6\xff\xd9\x16\xb6\x8b\x63\x95\x52\xb1\
\x58\x2c\x91\x48\xc8\xaa\x36\x6c\xdb\x1b\x4a\xa9\xc9\xc9\xc9\x68\
\x34\x2a\xab\x6d\xd2\xa2\xc0\xa1\x94\xfa\xd4\xa7\x3e\xf5\xc8\x23\
\x8f\x6c\x5c\xae\x03\x00\xc0\x46\xeb\xfb\x25\x56\x34\x11\x89\x64\
\xed\x0e\xf2\x91\x5b\x63\xdb\x2a\xf0\xf9\x7c\xf9\x7c\x5e\x93\x3d\
\xc2\x85\x72\xb9\xdc\xd3\xd3\xb3\x71\x8f\x51\xdd\x5e\x73\xeb\x02\
\x87\x52\xea\x57\x7e\xe5\x57\x7e\xf3\x37\x7f\x53\x56\x01\x00\xd8\
\x1a\x91\x4e\xac\x31\x1d\xdb\xfa\xa6\x01\xa5\x5a\xb7\x60\x78\x78\
\x78\x6a\x6a\x4a\x56\x35\x60\x6d\xa2\x2f\xab\xfa\x2d\xe8\x6d\x69\
\xe0\xf8\x9b\xbf\xf9\x9b\x47\x1e\x79\xe4\xc2\x85\x0b\xf2\x00\x00\
\x00\x2d\x24\x82\x88\x52\xca\xea\xa0\xec\xda\xb5\x6b\xdb\xb6\x6d\
\x9f\xfc\xe4\x27\xbf\xf9\xcd\x6f\xca\xc7\x28\x95\xcd\x66\x83\xc1\
\xa0\xac\xb6\x55\xa9\x54\xda\xbd\x7b\xf7\xc6\xf6\x86\xdf\xef\xcf\
\xe7\xf3\x3a\x6c\xbf\xf1\x86\x4a\x6b\x7d\xe1\x0b\x5f\xb0\x5d\x74\
\x04\x00\x80\xe6\x4c\xd3\x5c\x59\x59\x91\x27\xb6\xb6\xaa\xb6\x85\
\x68\x22\x91\x90\x77\x6d\xb7\x56\x07\x8e\x4a\xa5\x92\x4c\x26\x6f\
\xbd\xf5\x56\xf9\xb9\x01\x00\x40\x7b\xfd\xfd\xfd\xf2\xac\xd6\x3e\
\xd5\x16\xeb\xfa\xfd\xfe\xd5\xd5\x55\x79\xef\x76\x6b\x43\xe0\xa8\
\x54\x2a\x89\x44\xe2\xb6\xdb\x6e\x93\x9f\x21\x00\x00\xb4\x37\x36\
\x36\x26\xcf\x6a\xed\x50\xe3\x32\xb6\xc9\x64\x52\xde\x5b\x03\x2d\
\x9d\xc3\xb1\xde\x27\x3e\xf1\x89\xc7\x1e\x7b\x4c\x56\x01\x00\xd0\
\x5e\x32\x99\x8c\x44\x22\xb2\xda\x42\x4b\x4b\x4b\xbd\xbd\xbd\xb6\
\x0b\x3f\xdf\xf2\x96\xb7\x84\x42\xa1\x1d\x3b\x76\xac\xed\x21\x6b\
\xcd\x9f\xb5\xa6\xa7\x58\x7f\x1a\x86\xf1\xce\x77\xbe\x73\xc7\x8e\
\x1d\xdb\xb6\x6d\x93\x8f\x77\x8f\x4c\x20\xad\xf2\xea\xab\xaf\x7e\
\xec\x63\x1f\x93\xaf\x06\x00\x00\xed\xf9\x7c\xbe\xd9\xd9\x59\x79\
\x62\x6b\x95\xc5\xc5\xc5\x2d\x6e\x55\x72\xf8\xf0\xe1\xe5\xe5\x65\
\xf9\xbc\x2e\x6b\x5b\xe0\xa8\x54\x2a\x57\xaf\x5e\xd5\x67\x43\x12\
\x00\x00\xea\xd2\x96\x89\x99\xb3\xb3\xb3\x9b\xae\xec\xad\xed\x5f\
\xff\xeb\x7f\xfd\xd7\x7f\xfd\xd7\xd7\xaf\x5f\x97\x4f\xed\xb2\x76\
\x06\x0e\xab\xcf\xf1\xfe\xf7\xbf\x5f\x7e\x32\x00\x00\xf0\x82\x68\
\x34\xda\xca\xe9\x99\x5b\xdf\xed\xf4\xbd\xef\x7d\x6f\xbb\x16\xda\
\xb4\x39\x70\x54\x2a\x95\x52\xa9\xf4\xef\xff\xfd\xbf\x67\xdd\x0a\
\x00\xc0\x8b\xc2\xe1\x70\x0b\x4e\xe1\xab\xab\xab\x5b\x1f\x13\x38\
\x72\xe4\x48\x3e\x9f\x6f\x7d\x6f\xc3\xd2\xfe\xc0\x61\xf9\xad\xdf\
\xfa\xad\xbb\xee\xba\x4b\x7e\x6e\x00\x00\xd0\x9e\xdf\xef\x77\x75\
\x78\x25\x99\x4c\x6e\x71\xd2\x86\xcf\xe7\xfb\xb5\x5f\xfb\xb5\xef\
\x7c\xe7\x3b\xf2\xa9\x5b\x48\x97\xc0\x51\xa9\x54\xa6\xa7\xa7\x7f\
\xe4\x47\x7e\x44\x7e\x92\x00\x00\xf0\x02\xd3\x34\x9b\xbe\x1e\x75\
\x7e\x7e\x3e\x14\x0a\xc9\x8f\x54\xa7\x77\xbc\xe3\x1d\x89\x44\xe2\
\xb5\xd7\x5e\x93\xcf\xde\x5a\x1a\x05\x8e\x4a\xa5\xf2\xb5\xaf\x7d\
\x2d\x10\x08\xc8\x4f\x15\x00\x00\x1e\x11\x0a\x85\x9a\xb2\x80\x65\
\x71\x71\xb1\x29\x2b\x6f\xdf\xf1\x8e\x77\x7c\xe1\x0b\x5f\x68\xd7\
\x30\xca\x7a\x7a\x05\x8e\x4a\xa5\x52\x28\x14\x7e\xf5\x57\x7f\xf5\
\xed\x6f\x7f\xbb\xfc\x9c\x01\x00\xe0\x11\x7e\xbf\x3f\x1a\x8d\x36\
\xd0\xf0\x98\x9f\x9f\x8f\xc5\x62\x5b\x1c\x40\xb1\xdc\x76\xdb\x6d\
\xbf\xf4\x4b\xbf\xf4\xd5\xaf\x7e\x55\x87\xb4\xd1\xce\x8d\xbf\x6a\
\xbb\x70\xe1\xc2\x1f\xfc\xc1\x1f\xfc\xe9\x9f\xfe\xa9\x3c\x00\x00\
\x80\x77\x18\x86\xd1\xdf\xdf\xbf\x67\xcf\x1e\x6b\x64\x24\x10\x08\
\xac\xbf\x5e\x7c\xb9\x5c\x5e\x58\x58\x50\x4a\xe5\x72\xb9\xe7\x9f\
\x7f\x3e\x95\x4a\x6d\xbc\x0c\x5b\x63\x7e\xf2\x27\x7f\xf2\x23\x1f\
\xf9\xc8\x87\x3e\xf4\xa1\x5b\x6e\xb9\x45\x1e\x6b\x17\x99\x40\xb4\
\xf1\xea\xab\xaf\x9e\x3c\x79\x52\xaf\x2b\xdd\x01\x00\xb0\x65\x3e\
\x9f\x6f\x7d\xec\x68\xae\x5b\x6f\xbd\xf5\x17\x7e\xe1\x17\x4a\xa5\
\x92\x3c\xad\xb6\x9b\xa6\x1d\x8e\x35\x7f\xf9\x97\x7f\x99\x4c\x26\
\x53\xa9\xd4\xe2\xe2\xa2\x3c\x06\x00\x00\x6e\x78\xe7\x3b\xdf\x39\
\x30\x30\x10\x89\x44\xfa\xfa\xfa\x5a\xba\x67\xb9\x33\xba\x07\x0e\
\xcb\xf3\xcf\x3f\x6f\xc5\x8e\xbf\xf8\x8b\xbf\x90\xc7\x00\x00\xe8\
\x6e\xef\x7a\xd7\xbb\x06\x06\x06\x06\x07\x07\xef\xbb\xef\x3e\x0d\
\xa3\xc6\xeb\x64\xcb\x43\x63\xaf\xbe\xfa\xea\xcc\xcc\xcc\xd0\xd0\
\xd0\x16\x77\x75\x05\x00\xa0\x03\xbc\xf5\xad\x6f\x7d\xdf\xfb\xde\
\xf7\xfb\xbf\xff\xfb\x7f\xff\xf7\x7f\x2f\x4f\x99\xfa\xf1\x46\x87\
\x63\xa3\x85\x85\x85\x67\x9e\x79\x66\x6e\x6e\xce\x9a\x6e\x03\x00\
\x40\x97\xd8\xb3\x67\x4f\x7f\x7f\xff\x83\x0f\x3e\xf8\xc0\x03\x0f\
\xbc\xe9\x4d\x6f\x92\x87\x75\xe5\xd5\xc0\xb1\x5e\xa9\x54\x7a\xe9\
\xa5\x97\x5e\x7c\xf1\xc5\x97\x5e\x7a\xe9\x7b\xdf\xfb\x9e\x3c\x0c\
\x00\x40\x0b\xbd\xf4\xd2\x4b\x5f\xfb\xda\xd7\xfe\xe7\xff\xfc\x9f\
\x4b\x4b\x4b\xf2\x98\x03\xef\x7c\xe7\x3b\x7b\x7b\x7b\xef\xbf\xff\
\xfe\x9d\x3b\x77\x5a\x15\x6b\x92\xe9\x3b\xde\xf1\x8e\x1d\x3b\x76\
\xdc\x79\xe7\x9d\xf2\x01\x1e\xd1\x09\x81\x03\x00\x00\x0d\x15\x8b\
\x45\x6b\xa5\xeb\xe5\xcb\x97\x0b\x85\x82\x52\x2a\x93\xc9\x88\xfb\
\x84\x42\x21\x2b\x4f\xdc\x7b\xef\xbd\x86\x61\x44\x22\x91\xa6\x6c\
\xc2\xa1\x21\x02\x07\x00\x00\x2d\x55\x28\x14\xca\xe5\x72\xb7\xed\
\xac\x4d\xe0\x00\x00\x00\xae\xd3\x66\x03\x32\x00\x00\xd0\xb9\x08\
\x1c\x00\x00\xc0\x75\x04\x0e\x00\x00\xe0\x3a\x02\x07\x00\x00\x70\
\x1d\x81\x03\x00\x00\xb8\x8e\xc0\x01\x00\x00\x5c\x47\xe0\x00\x00\
\x00\xae\x23\x70\x00\x00\x00\xd7\x11\x38\x00\x00\x80\xeb\x08\x1c\
\x00\x00\xc0\x75\x04\x0e\x00\x00\xe0\x3a\x02\x07\x00\x00\x70\x1d\
\x81\x03\x00\x00\xb8\x8e\xc0\x01\x00\x00\x5c\x47\xe0\x00\x00\x00\
\xae\x23\x70\x00\x00\x00\xd7\x11\x38\x00\x00\x80\xeb\x08\x1c\x00\
\x00\xc0\x75\x04\x0e\x00\x00\xe0\x3a\x02\x07\x00\x00\x70\x1d\x81\
\x03\x00\x00\xb8\x8e\xc0\x01\x00\x00\x5c\x47\xe0\x00\x00\x00\xae\
\x23\x70\x00\x00\x00\xd7\x11\x38\x00\x00\x80\xeb\x08\x1c\x00\x00\
\xc0\x75\x04\x0e\x00\x00\xe0\x3a\x02\x07\x00\x00\x70\x1d\x81\x03\
\x00\x00\xb8\x8e\xc0\x01\x00\x00\x5c\x47\xe0\x00\x00\x00\xae\x23\
\x70\x00\x00\x00\xd7\x11\x38\x00\x00\x80\xeb\x08\x1c\x00\x00\xc0\
\x75\x04\x0e\x00\x00\xe0\x3a\x02\x07\x00\x00\x70\x1d\x81\x03\x00\
\x00\xb8\x8e\xc0\x01\x00\x00\x5c\x47\xe0\x00\x00\x00\xae\x23\x70\
\x00\x00\x00\xd7\x11\x38\x00\x00\x80\xeb\x08\x1c\x00\x00\xc0\x75\
\x04\x0e\x00\x00\xe0\x3a\x02\x07\x00\x00\x70\x1d\x81\x03\x00\x00\
\xb8\x8e\xc0\x01\x00\x00\x5c\x47\xe0\x00\x00\x00\xae\x23\x70\x00\
\x00\x00\xd7\x11\x38\x00\x00\x80\xeb\x08\x1c\x00\x00\xc0\x75\x04\
\x0e\x00\x00\xe0\xba\xff\x1f\x32\x29\x13\x39\x17\x85\x66\xec\x00\
\x00\x00\x00\x49\x45\x4e\x44\xae\x42\x60\x82\
"

qt_resource_name = b"\
\x00\x07\
\x07\x3b\xe0\xb3\
\x00\x70\
\x00\x6c\x00\x75\x00\x67\x00\x69\x00\x6e\x00\x73\
\x00\x10\
\x05\xb4\x41\xe2\
\x00\x70\
\x00\x61\x00\x72\x00\x61\x00\x6d\x00\x65\x00\x74\x00\x65\x00\x72\x00\x5f\x00\x66\x00\x69\x00\x74\x00\x74\x00\x65\x00\x72\
\x00\x08\
\x0a\x61\x5a\xa7\
\x00\x69\
\x00\x63\x00\x6f\x00\x6e\x00\x2e\x00\x70\x00\x6e\x00\x67\
"

qt_resource_struct_v1 = b"\
\x00\x00\x00\x00\x00\x02\x00\x00\x00\x01\x00\x00\x00\x01\
\x00\x00\x00\x00\x00\x02\x00\x00\x00\x01\x00\x00\x00\x02\
\x00\x00\x00\x14\x00\x02\x00\x00\x00\x01\x00\x00\x00\x03\
\x00\x00\x00\x3a\x00\x00\x00\x00\x00\x01\x00\x00\x00\x00\
"

qt_resource_struct_v2 = b"\
\x00\x00\x00\x00\x00\x02\x00\x00\x00\x01\x00\x00\x00\x01\
\x00\x00\x00\x00\x00\x00\x00\x00\
\x00\x00\x00\x00\x00\x02\x00\x00\x00\x01\x00\x00\x00\x02\
\x00\x00\x00\x00\x00\x00\x00\x00\
\x00\x00\x00\x14\x00\x02\x00\x00\x00\x01\x00\x00\x00\x03\
\x00\x00\x00\x00\x00\x00\x00\x00\
\x00\x00\x00\x3a\x00\x00\x00\x00\x00\x01\x00\x00\x00\x00\
\x00\x00\x01\x9d\x69\x91\xd3\x15\
"

qt_version = [int(v) for v in QtCore.qVersion().split('.')]
if qt_version < [5, 8, 0]:
    rcc_version = 1
    qt_resource_struct = qt_resource_struct_v1
else:
    rcc_version = 2
    qt_resource_struct = qt_resource_struct_v2

def qInitResources():
    QtCore.qRegisterResourceData(rcc_version, qt_resource_struct, qt_resource_name, qt_resource_data)

def qCleanupResources():
    QtCore.qUnregisterResourceData(rcc_version, qt_resource_struct, qt_resource_name, qt_resource_data)

qInitResources()
